Ardunino ID,Sensor ID,Trial,Range (cm),Start Time (ms),Distance (cm),Echo Return Time (ms),Sensor length (cm),Delay(ms),Color of sensor,Angle on XY plane,side a(cm),side b(cm),side c(cm),Angle on YZ plane,Sensor Configuration,Sensor Angle,Surface material,Surface Length(cm),Surface Width(cm)
1,2,1,40,5343,39,2279,0.4,50,Blue,0,10,10,0,0,HTR,90,wood,30.4,29.9
1,2,2,40,6395,39,2255,0.4,50,Blue,0,10,10,0,0,HTR,90,wood,30.4,29.9
1,2,3,40,7449,39,2259,0.4,50,Blue,0,10,10,0,0,HTR,90,wood,30.4,29.9
1,2,4,40,8503,39,2255,0.4,50,Blue,0,10,10,0,0,HTR,90,wood,30.4,29.9
1,2,5,40,9556,39,2259,0.4,50,Blue,0,10,10,0,0,HTR,90,wood,30.4,29.9
1,2,6,40,10610,40,2283,0.4,50,Blue,0,10,10,0,0,HTR,90,wood,30.4,29.9
1,2,7,40,11663,39,2259,0.4,50,Blue,0,10,10,0,0,HTR,90,wood,30.4,29.9
1,2,8,40,12717,39,2263,0.4,50,Blue,0,10,10,0,0,HTR,90,wood,30.4,29.9
1,2,9,40,13770,39,2263,0.4,50,Blue,0,10,10,0,0,HTR,90,wood,30.4,29.9
1,2,10,40,14824,39,2263,0.4,50,Blue,0,10,10,0,0,HTR,90,wood,30.4,29.9
1,2,1,35,16930,35,2003,0.4,50,Blue,0,10,10,0,0,HTR,90,wood,30.4,29.9
1,2,2,35,17984,35,1999,0.4,50,Blue,0,10,10,0,0,HTR,90,wood,30.4,29.9
1,2,3,35,19038,35,1995,0.4,50,Blue,0,10,10,0,0,HTR,90,wood,30.4,29.9
1,2,4,35,20090,34,1971,0.4,50,Blue,0,10,10,0,0,HTR,90,wood,30.4,29.9
1,2,5,35,21144,35,1995,0.4,50,Blue,0,10,10,0,0,HTR,90,wood,30.4,29.9
1,2,6,35,22197,35,1995,0.4,50,Blue,0,10,10,0,0,HTR,90,wood,30.4,29.9
1,2,7,35,23250,35,1995,0.4,50,Blue,0,10,10,0,0,HTR,90,wood,30.4,29.9
1,2,8,35,24304,35,1999,0.4,50,Blue,0,10,10,0,0,HTR,90,wood,30.4,29.9
1,2,9,35,25357,35,1999,0.4,50,Blue,0,10,10,0,0,HTR,90,wood,30.4,29.9
1,2,10,35,26411,35,1995,0.4,50,Blue,0,10,10,0,0,HTR,90,wood,30.4,29.9
1,2,1,30,28517,30,1723,0.4,50,Blue,0,10,10,0,0,HTR,90,wood,30.4,29.9
1,2,2,30,29570,29,1699,0.4,50,Blue,0,10,10,0,0,HTR,90,wood,30.4,29.9
1,2,3,30,30622,29,1703,0.4,50,Blue,0,10,10,0,0,HTR,90,wood,30.4,29.9
1,2,4,30,31675,29,1703,0.4,50,Blue,0,10,10,0,0,HTR,90,wood,30.4,29.9
1,2,5,30,32729,29,1707,0.4,50,Blue,0,10,10,0,0,HTR,90,wood,30.4,29.9
1,2,6,30,33781,29,1703,0.4,50,Blue,0,10,10,0,0,HTR,90,wood,30.4,29.9
1,2,7,30,34834,29,1707,0.4,50,Blue,0,10,10,0,0,HTR,90,wood,30.4,29.9
1,2,8,30,35888,30,1711,0.4,50,Blue,0,10,10,0,0,HTR,90,wood,30.4,29.9
1,2,9,30,36940,30,1711,0.4,50,Blue,0,10,10,0,0,HTR,90,wood,30.4,29.9
1,2,10,30,37993,30,1711,0.4,50,Blue,0,10,10,0,0,HTR,90,wood,30.4,29.9
1,2,1,25,41152,25,1427,0.4,50,Blue,0,10,10,0,0,HTR,90,wood,30.4,29.9
1,2,2,25,42205,24,1419,0.4,50,Blue,0,10,10,0,0,HTR,90,wood,30.4,29.9
1,2,3,25,43257,24,1407,0.4,50,Blue,0,10,10,0,0,HTR,90,wood,30.4,29.9
1,2,4,25,44310,24,1403,0.4,50,Blue,0,10,10,0,0,HTR,90,wood,30.4,29.9
1,2,5,25,45363,24,1395,0.4,50,Blue,0,10,10,0,0,HTR,90,wood,30.4,29.9
1,2,6,25,46415,24,1399,0.4,50,Blue,0,10,10,0,0,HTR,90,wood,30.4,29.9
1,2,7,25,47468,24,1423,0.4,50,Blue,0,10,10,0,0,HTR,90,wood,30.4,29.9
1,2,8,25,48521,24,1399,0.4,50,Blue,0,10,10,0,0,HTR,90,wood,30.4,29.9
1,2,9,25,49573,24,1399,0.4,50,Blue,0,10,10,0,0,HTR,90,wood,30.4,29.9
1,2,10,25,50626,24,1423,0.4,50,Blue,0,10,10,0,0,HTR,90,wood,30.4,29.9
1,2,1,20,54837,19,1131,0.4,50,Blue,0,10,10,0,0,HTR,90,wood,30.4,29.9
1,2,2,20,55888,19,1115,0.4,50,Blue,0,10,10,0,0,HTR,90,wood,30.4,29.9
1,2,3,20,56941,19,1115,0.4,50,Blue,0,10,10,0,0,HTR,90,wood,30.4,29.9
1,2,4,20,57994,19,1115,0.4,50,Blue,0,10,10,0,0,HTR,90,wood,30.4,29.9
1,2,5,20,59046,19,1119,0.4,50,Blue,0,10,10,0,0,HTR,90,wood,30.4,29.9
1,2,6,20,60098,19,1115,0.4,50,Blue,0,10,10,0,0,HTR,90,wood,30.4,29.9
1,2,7,20,61151,19,1119,0.4,50,Blue,0,10,10,0,0,HTR,90,wood,30.4,29.9
1,2,8,20,62203,19,1115,0.4,50,Blue,0,10,10,0,0,HTR,90,wood,30.4,29.9
1,2,9,20,63255,19,1115,0.4,50,Blue,0,10,10,0,0,HTR,90,wood,30.4,29.9
1,2,10,20,64308,19,1119,0.4,50,Blue,0,10,10,0,0,HTR,90,wood,30.4,29.9
1,2,1,15,67465,14,847,0.4,50,Blue,0,10,10,0,0,HTR,90,wood,30.4,29.9
1,2,2,15,68516,14,827,0.4,50,Blue,0,10,10,0,0,HTR,90,wood,30.4,29.9
1,2,3,15,69569,14,843,0.4,50,Blue,0,10,10,0,0,HTR,90,wood,30.4,29.9
1,2,4,15,70621,14,851,0.4,50,Blue,0,10,10,0,0,HTR,90,wood,30.4,29.9
1,2,5,15,71673,14,847,0.4,50,Blue,0,10,10,0,0,HTR,90,wood,30.4,29.9
1,2,6,15,72725,14,847,0.4,50,Blue,0,10,10,0,0,HTR,90,wood,30.4,29.9
1,2,7,15,73778,14,843,0.4,50,Blue,0,10,10,0,0,HTR,90,wood,30.4,29.9
1,2,8,15,74829,14,851,0.4,50,Blue,0,10,10,0,0,HTR,90,wood,30.4,29.9
1,2,9,15,75881,14,847,0.4,50,Blue,0,10,10,0,0,HTR,90,wood,30.4,29.9
1,2,10,15,76934,14,847,0.4,50,Blue,0,10,10,0,0,HTR,90,wood,30.4,29.9
1,2,1,10,83246,11,655,0.4,50,Blue,0,10,10,0,0,HTR,90,wood,30.4,29.9
1,2,2,10,84297,20,1163,0.4,50,Blue,0,10,10,0,0,HTR,90,wood,30.4,29.9
1,2,3,10,85350,10,607,0.4,50,Blue,0,10,10,0,0,HTR,90,wood,30.4,29.9
1,2,4,10,86402,9,567,0.4,50,Blue,0,10,10,0,0,HTR,90,wood,30.4,29.9
1,2,5,10,87453,10,583,0.4,50,Blue,0,10,10,0,0,HTR,90,wood,30.4,29.9
1,2,6,10,88505,10,607,0.4,50,Blue,0,10,10,0,0,HTR,90,wood,30.4,29.9
1,2,7,10,89556,10,607,0.4,50,Blue,0,10,10,0,0,HTR,90,wood,30.4,29.9
1,2,8,10,90608,10,611,0.4,50,Blue,0,10,10,0,0,HTR,90,wood,30.4,29.9
1,2,9,10,91661,10,603,0.4,50,Blue,0,10,10,0,0,HTR,90,wood,30.4,29.9
1,2,10,10,92712,10,583,0.4,50,Blue,0,10,10,0,0,HTR,90,wood,30.4,29.9
1,2,1,5,94816,4,275,0.4,50,Blue,0,10,10,0,0,HTR,90,wood,30.4,29.9
1,2,2,5,95866,4,251,0.4,50,Blue,0,10,10,0,0,HTR,90,wood,30.4,29.9
1,2,3,5,96918,4,251,0.4,50,Blue,0,10,10,0,0,HTR,90,wood,30.4,29.9
1,2,4,5,97970,4,255,0.4,50,Blue,0,10,10,0,0,HTR,90,wood,30.4,29.9
1,2,5,5,99021,3,227,0.4,50,Blue,0,10,10,0,0,HTR,90,wood,30.4,29.9
1,2,6,5,100073,3,223,0.4,50,Blue,0,10,10,0,0,HTR,90,wood,30.4,29.9
1,2,7,5,101124,3,227,0.4,50,Blue,0,10,10,0,0,HTR,90,wood,30.4,29.9
1,2,8,5,102175,4,247,0.4,50,Blue,0,10,10,0,0,HTR,90,wood,30.4,29.9
1,2,9,5,103227,4,255,0.4,50,Blue,0,10,10,0,0,HTR,90,wood,30.4,29.9
1,2,10,5,104279,3,227,0.4,50,Blue,0,10,10,0,0,HTR,90,wood,30.4,29.9
1,2,1,0,107444,0,0,0.4,50,Blue,0,10,10,0,0,HTR,90,wood,30.4,29.9
1,2,2,0,108507,0,0,0.4,50,Blue,0,10,10,0,0,HTR,90,wood,30.4,29.9
1,2,3,0,109570,0,0,0.4,50,Blue,0,10,10,0,0,HTR,90,wood,30.4,29.9
1,2,4,0,110631,0,0,0.4,50,Blue,0,10,10,0,0,HTR,90,wood,30.4,29.9
1,2,5,0,111683,5,339,0.4,50,Blue,0,10,10,0,0,HTR,90,wood,30.4,29.9
1,2,6,0,112746,0,0,0.4,50,Blue,0,10,10,0,0,HTR,90,wood,30.4,29.9
1,2,7,0,113809,0,0,0.4,50,Blue,0,10,10,0,0,HTR,90,wood,30.4,29.9
1,2,8,0,114871,0,0,0.4,50,Blue,0,10,10,0,0,HTR,90,wood,30.4,29.9
1,2,9,0,115934,0,0,0.4,50,Blue,0,10,10,0,0,HTR,90,wood,30.4,29.9
1,2,10,0,116997,0,0,0.4,50,Blue,0,10,10,0,0,HTR,90,wood,30.4,29.9
1,1,1,40,2168,40,2331,0.4,50,Blue,0,10,10,0,0,HTR,90,wood,30.4,29.9
1,1,2,40,3224,39,2267,0.4,50,Blue,0,10,10,0,0,HTR,90,wood,30.4,29.9
1,1,3,40,4279,39,2271,0.4,50,Blue,0,10,10,0,0,HTR,90,wood,30.4,29.9
1,1,4,40,5335,39,2271,0.4,50,Blue,0,10,10,0,0,HTR,90,wood,30.4,29.9
1,1,5,40,6389,39,2263,0.4,50,Blue,0,10,10,0,0,HTR,90,wood,30.4,29.9
1,1,6,40,7445,39,2267,0.4,50,Blue,0,10,10,0,0,HTR,90,wood,30.4,29.9
1,1,7,40,8500,39,2267,0.4,50,Blue,0,10,10,0,0,HTR,90,wood,30.4,29.9
1,1,8,40,9555,39,2271,0.4,50,Blue,0,10,10,0,0,HTR,90,wood,30.4,29.9
1,1,9,40,10610,40,2295,0.4,50,Blue,0,10,10,0,0,HTR,90,wood,30.4,29.9
1,1,10,40,11666,40,2291,0.4,50,Blue,0,10,10,0,0,HTR,90,wood,30.4,29.9
1,1,1,35,15887,34,1983,0.4,50,Blue,0,10,10,0,0,HTR,90,wood,30.4,29.9
1,1,2,35,16942,34,1987,0.4,50,Blue,0,10,10,0,0,HTR,90,wood,30.4,29.9
1,1,3,35,17996,34,1983,0.4,50,Blue,0,10,10,0,0,HTR,90,wood,30.4,29.9
1,1,4,35,19052,34,1987,0.4,50,Blue,0,10,10,0,0,HTR,90,wood,30.4,29.9
1,1,5,35,20107,34,1987,0.4,50,Blue,0,10,10,0,0,HTR,90,wood,30.4,29.9
1,1,6,35,21161,34,1987,0.4,50,Blue,0,10,10,0,0,HTR,90,wood,30.4,29.9
1,1,7,35,22217,34,1991,0.4,50,Blue,0,10,10,0,0,HTR,90,wood,30.4,29.9
1,1,8,35,23272,34,1987,0.4,50,Blue,0,10,10,0,0,HTR,90,wood,30.4,29.9
1,1,9,35,24327,34,1987,0.4,50,Blue,0,10,10,0,0,HTR,90,wood,30.4,29.9
1,1,10,35,25381,34,1991,0.4,50,Blue,0,10,10,0,0,HTR,90,wood,30.4,29.9
1,1,1,30,27492,30,1727,0.4,50,Blue,0,10,10,0,0,HTR,90,wood,30.4,29.9
1,1,2,30,28547,30,1751,0.4,50,Blue,0,10,10,0,0,HTR,90,wood,30.4,29.9
1,1,3,30,29601,30,1727,0.4,50,Blue,0,10,10,0,0,HTR,90,wood,30.4,29.9
1,1,4,30,30656,30,1731,0.4,50,Blue,0,10,10,0,0,HTR,90,wood,30.4,29.9
1,1,5,30,31711,30,1727,0.4,50,Blue,0,10,10,0,0,HTR,90,wood,30.4,29.9
1,1,6,30,32765,30,1727,0.4,50,Blue,0,10,10,0,0,HTR,90,wood,30.4,29.9
1,1,7,30,33820,30,1727,0.4,50,Blue,0,10,10,0,0,HTR,90,wood,30.4,29.9
1,1,8,30,34875,30,1731,0.4,50,Blue,0,10,10,0,0,HTR,90,wood,30.4,29.9
1,1,9,30,35930,30,1735,0.4,50,Blue,0,10,10,0,0,HTR,90,wood,30.4,29.9
1,1,10,30,36984,30,1731,0.4,50,Blue,0,10,10,0,0,HTR,90,wood,30.4,29.9
1,1,1,25,40148,25,1463,0.4,50,Blue,0,10,10,0,0,HTR,90,wood,30.4,29.9
1,1,2,25,41203,25,1431,0.4,50,Blue,0,10,10,0,0,HTR,90,wood,30.4,29.9
1,1,3,25,42258,25,1427,0.4,50,Blue,0,10,10,0,0,HTR,90,wood,30.4,29.9
1,1,4,25,43312,25,1431,0.4,50,Blue,0,10,10,0,0,HTR,90,wood,30.4,29.9
1,1,5,25,44366,25,1431,0.4,50,Blue,0,10,10,0,0,HTR,90,wood,30.4,29.9
1,1,6,25,45421,25,1431,0.4,50,Blue,0,10,10,0,0,HTR,90,wood,30.4,29.9
1,1,7,25,46476,25,1431,0.4,50,Blue,0,10,10,0,0,HTR,90,wood,30.4,29.9
1,1,8,25,47529,25,1431,0.4,50,Blue,0,10,10,0,0,HTR,90,wood,30.4,29.9
1,1,9,25,48584,25,1435,0.4,50,Blue,0,10,10,0,0,HTR,90,wood,30.4,29.9
1,1,10,25,49639,25,1431,0.4,50,Blue,0,10,10,0,0,HTR,90,wood,30.4,29.9
1,1,1,20,53857,20,1179,0.4,50,Blue,0,10,10,0,0,HTR,90,wood,30.4,29.9
1,1,2,20,54910,20,1147,0.4,50,Blue,0,10,10,0,0,HTR,90,wood,30.4,29.9
1,1,3,20,55965,19,1119,0.4,50,Blue,0,10,10,0,0,HTR,90,wood,30.4,29.9
1,1,4,20,57019,19,1119,0.4,50,Blue,0,10,10,0,0,HTR,90,wood,30.4,29.9
1,1,5,20,58073,19,1119,0.4,50,Blue,0,10,10,0,0,HTR,90,wood,30.4,29.9
1,1,6,20,59127,19,1119,0.4,50,Blue,0,10,10,0,0,HTR,90,wood,30.4,29.9
1,1,7,20,60181,20,1147,0.4,50,Blue,0,10,10,0,0,HTR,90,wood,30.4,29.9
1,1,8,20,61236,19,1127,0.4,50,Blue,0,10,10,0,0,HTR,90,wood,30.4,29.9
1,1,9,20,62289,19,1123,0.4,50,Blue,0,10,10,0,0,HTR,90,wood,30.4,29.9
1,1,10,20,63344,19,1127,0.4,50,Blue,0,10,10,0,0,HTR,90,wood,30.4,29.9
1,1,1,15,69668,14,843,0.4,50,Blue,0,10,10,0,0,HTR,90,wood,30.4,29.9
1,1,2,15,70722,14,839,0.4,50,Blue,0,10,10,0,0,HTR,90,wood,30.4,29.9
1,1,3,15,71776,14,839,0.4,50,Blue,0,10,10,0,0,HTR,90,wood,30.4,29.9
1,1,4,15,72829,14,843,0.4,50,Blue,0,10,10,0,0,HTR,90,wood,30.4,29.9
1,1,5,15,73883,14,843,0.4,50,Blue,0,10,10,0,0,HTR,90,wood,30.4,29.9
1,1,6,15,74938,14,839,0.4,50,Blue,0,10,10,0,0,HTR,90,wood,30.4,29.9
1,1,7,15,75992,14,839,0.4,50,Blue,0,10,10,0,0,HTR,90,wood,30.4,29.9
1,1,8,15,77045,14,843,0.4,50,Blue,0,10,10,0,0,HTR,90,wood,30.4,29.9
1,1,9,15,78099,14,839,0.4,50,Blue,0,10,10,0,0,HTR,90,wood,30.4,29.9
1,1,10,15,79153,14,839,0.4,50,Blue,0,10,10,0,0,HTR,90,wood,30.4,29.9
1,1,1,10,83367,9,551,0.4,50,Blue,0,10,10,0,0,HTR,90,wood,30.4,29.9
1,1,2,10,84421,9,563,0.4,50,Blue,0,10,10,0,0,HTR,90,wood,30.4,29.9
1,1,3,10,85475,9,559,0.4,50,Blue,0,10,10,0,0,HTR,90,wood,30.4,29.9
1,1,4,10,86529,9,563,0.4,50,Blue,0,10,10,0,0,HTR,90,wood,30.4,29.9
1,1,5,10,87582,9,567,0.4,50,Blue,0,10,10,0,0,HTR,90,wood,30.4,29.9
1,1,6,10,88635,9,563,0.4,50,Blue,0,10,10,0,0,HTR,90,wood,30.4,29.9
1,1,7,10,89689,10,571,0.4,50,Blue,0,10,10,0,0,HTR,90,wood,30.4,29.9
1,1,8,10,90742,9,563,0.4,50,Blue,0,10,10,0,0,HTR,90,wood,30.4,29.9
1,1,9,10,91796,9,567,0.4,50,Blue,0,10,10,0,0,HTR,90,wood,30.4,29.9
1,1,10,10,92850,9,559,0.4,50,Blue,0,10,10,0,0,HTR,90,wood,30.4,29.9
1,1,1,5,97063,5,327,0.4,50,Blue,0,10,10,0,0,HTR,90,wood,30.4,29.9
1,1,2,5,98116,4,283,0.4,50,Blue,0,10,10,0,0,HTR,90,wood,30.4,29.9
1,1,3,5,99170,5,319,0.4,50,Blue,0,10,10,0,0,HTR,90,wood,30.4,29.9
1,1,4,5,100224,5,319,0.4,50,Blue,0,10,10,0,0,HTR,90,wood,30.4,29.9
1,1,5,5,101276,5,319,0.4,50,Blue,0,10,10,0,0,HTR,90,wood,30.4,29.9
1,1,6,5,102330,5,315,0.4,50,Blue,0,10,10,0,0,HTR,90,wood,30.4,29.9
1,1,7,5,103383,5,319,0.4,50,Blue,0,10,10,0,0,HTR,90,wood,30.4,29.9
1,1,8,5,104436,5,319,0.4,50,Blue,0,10,10,0,0,HTR,90,wood,30.4,29.9
1,1,9,5,105490,5,319,0.4,50,Blue,0,10,10,0,0,HTR,90,wood,30.4,29.9
1,1,10,5,106543,5,319,0.4,50,Blue,0,10,10,0,0,HTR,90,wood,30.4,29.9
1,1,1,0,119182,4,279,0.4,50,Blue,0,10,10,0,0,HTR,90,wood,30.4,29.9
1,1,2,0,120236,4,279,0.4,50,Blue,0,10,10,0,0,HTR,90,wood,30.4,29.9
1,1,3,0,121289,4,279,0.4,50,Blue,0,10,10,0,0,HTR,90,wood,30.4,29.9
1,1,4,0,122342,4,279,0.4,50,Blue,0,10,10,0,0,HTR,90,wood,30.4,29.9
1,1,5,0,123396,5,299,0.4,50,Blue,0,10,10,0,0,HTR,90,wood,30.4,29.9
1,1,6,0,124460,0,0,0.4,50,Blue,0,10,10,0,0,HTR,90,wood,30.4,29.9
1,1,7,0,125524,0,0,0.4,50,Blue,0,10,10,0,0,HTR,90,wood,30.4,29.9
1,1,8,0,126588,0,0,0.4,50,Blue,0,10,10,0,0,HTR,90,wood,30.4,29.9
1,1,9,0,127653,0,0,0.4,50,Blue,0,10,10,0,0,HTR,90,wood,30.4,29.9
1,1,10,0,128717,0,0,0.4,50,Blue,0,10,10,0,0,HTR,90,wood,30.4,29.9
1,3,1,40,1105,40,2283,0.4,50,Blue,0,10,10,0,0,HTR,90,wood,30.4,29.9
1,3,2,40,2159,40,2283,0.4,50,Blue,0,10,10,0,0,HTR,90,wood,30.4,29.9
1,3,3,40,3212,40,2287,0.4,50,Blue,0,10,10,0,0,HTR,90,wood,30.4,29.9
1,3,4,40,4265,40,2311,0.4,50,Blue,0,10,10,0,0,HTR,90,wood,30.4,29.9
1,3,5,40,5319,40,2283,0.4,50,Blue,0,10,10,0,0,HTR,90,wood,30.4,29.9
1,3,6,40,6373,40,2287,0.4,50,Blue,0,10,10,0,0,HTR,90,wood,30.4,29.9
1,3,7,40,7427,40,2311,0.4,50,Blue,0,10,10,0,0,HTR,90,wood,30.4,29.9
1,3,8,40,8480,40,2291,0.4,50,Blue,0,10,10,0,0,HTR,90,wood,30.4,29.9
1,3,9,40,9533,40,2283,0.4,50,Blue,0,10,10,0,0,HTR,90,wood,30.4,29.9
1,3,10,40,10587,40,2311,0.4,50,Blue,0,10,10,0,0,HTR,90,wood,30.4,29.9
1,3,1,35,14800,34,1987,0.4,50,Blue,0,10,10,0,0,HTR,90,wood,30.4,29.9
1,3,2,35,15854,34,1979,0.4,50,Blue,0,10,10,0,0,HTR,90,wood,30.4,29.9
1,3,3,35,16907,34,1991,0.4,50,Blue,0,10,10,0,0,HTR,90,wood,30.4,29.9
1,3,4,35,17960,34,1987,0.4,50,Blue,0,10,10,0,0,HTR,90,wood,30.4,29.9
1,3,5,35,19013,34,1987,0.4,50,Blue,0,10,10,0,0,HTR,90,wood,30.4,29.9
1,3,6,35,20067,34,1991,0.4,50,Blue,0,10,10,0,0,HTR,90,wood,30.4,29.9
1,3,7,35,21121,34,1987,0.4,50,Blue,0,10,10,0,0,HTR,90,wood,30.4,29.9
1,3,8,35,22173,34,1987,0.4,50,Blue,0,10,10,0,0,HTR,90,wood,30.4,29.9
1,3,9,35,23227,34,1991,0.4,50,Blue,0,10,10,0,0,HTR,90,wood,30.4,29.9
1,3,10,35,24280,34,1991,0.4,50,Blue,0,10,10,0,0,HTR,90,wood,30.4,29.9
1,3,1,30,27440,30,1743,0.4,50,Blue,0,10,10,0,0,HTR,90,wood,30.4,29.9
1,3,2,30,28492,30,1711,0.4,50,Blue,0,10,10,0,0,HTR,90,wood,30.4,29.9
1,3,3,30,29545,30,1715,0.4,50,Blue,0,10,10,0,0,HTR,90,wood,30.4,29.9
1,3,4,30,30599,30,1711,0.4,50,Blue,0,10,10,0,0,HTR,90,wood,30.4,29.9
1,3,5,30,31651,30,1711,0.4,50,Blue,0,10,10,0,0,HTR,90,wood,30.4,29.9
1,3,6,30,32704,30,1715,0.4,50,Blue,0,10,10,0,0,HTR,90,wood,30.4,29.9
1,3,7,30,33758,30,1715,0.4,50,Blue,0,10,10,0,0,HTR,90,wood,30.4,29.9
1,3,8,30,34810,30,1739,0.4,50,Blue,0,10,10,0,0,HTR,90,wood,30.4,29.9
1,3,9,30,35863,30,1739,0.4,50,Blue,0,10,10,0,0,HTR,90,wood,30.4,29.9
1,3,10,30,36917,30,1743,0.4,50,Blue,0,10,10,0,0,HTR,90,wood,30.4,29.9
1,3,1,25,41127,25,1427,0.4,50,Blue,0,10,10,0,0,HTR,90,wood,30.4,29.9
1,3,2,25,42180,25,1451,0.4,50,Blue,0,10,10,0,0,HTR,90,wood,30.4,29.9
1,3,3,25,43233,25,1451,0.4,50,Blue,0,10,10,0,0,HTR,90,wood,30.4,29.9
1,3,4,25,44286,25,1447,0.4,50,Blue,0,10,10,0,0,HTR,90,wood,30.4,29.9
1,3,5,25,45339,25,1447,0.4,50,Blue,0,10,10,0,0,HTR,90,wood,30.4,29.9
1,3,6,25,46392,25,1447,0.4,50,Blue,0,10,10,0,0,HTR,90,wood,30.4,29.9
1,3,7,25,47444,25,1447,0.4,50,Blue,0,10,10,0,0,HTR,90,wood,30.4,29.9
1,3,8,25,48497,25,1451,0.4,50,Blue,0,10,10,0,0,HTR,90,wood,30.4,29.9
1,3,9,25,49550,25,1475,0.4,50,Blue,0,10,10,0,0,HTR,90,wood,30.4,29.9
1,3,10,25,50603,25,1451,0.4,50,Blue,0,10,10,0,0,HTR,90,wood,30.4,29.9
1,3,1,20,55866,20,1151,0.4,50,Blue,0,10,10,0,0,HTR,90,wood,30.4,29.9
1,3,2,20,56918,20,1171,0.4,50,Blue,0,10,10,0,0,HTR,90,wood,30.4,29.9
1,3,3,20,57970,20,1159,0.4,50,Blue,0,10,10,0,0,HTR,90,wood,30.4,29.9
1,3,4,20,59023,20,1163,0.4,50,Blue,0,10,10,0,0,HTR,90,wood,30.4,29.9
1,3,5,20,60076,20,1167,0.4,50,Blue,0,10,10,0,0,HTR,90,wood,30.4,29.9
1,3,6,20,61127,20,1163,0.4,50,Blue,0,10,10,0,0,HTR,90,wood,30.4,29.9
1,3,7,20,62180,20,1163,0.4,50,Blue,0,10,10,0,0,HTR,90,wood,30.4,29.9
1,3,8,20,63233,20,1163,0.4,50,Blue,0,10,10,0,0,HTR,90,wood,30.4,29.9
1,3,9,20,64285,20,1171,0.4,50,Blue,0,10,10,0,0,HTR,90,wood,30.4,29.9
1,3,10,20,65337,20,1167,0.4,50,Blue,0,10,10,0,0,HTR,90,wood,30.4,29.9
1,3,1,15,69547,15,875,0.4,50,Blue,0,10,10,0,0,HTR,90,wood,30.4,29.9
1,3,2,15,70599,15,887,0.4,50,Blue,0,10,10,0,0,HTR,90,wood,30.4,29.9
1,3,3,15,71651,15,891,0.4,50,Blue,0,10,10,0,0,HTR,90,wood,30.4,29.9
1,3,4,15,72704,15,887,0.4,50,Blue,0,10,10,0,0,HTR,90,wood,30.4,29.9
1,3,5,15,73755,15,891,0.4,50,Blue,0,10,10,0,0,HTR,90,wood,30.4,29.9
1,3,6,15,74807,15,887,0.4,50,Blue,0,10,10,0,0,HTR,90,wood,30.4,29.9
1,3,7,15,75859,15,887,0.4,50,Blue,0,10,10,0,0,HTR,90,wood,30.4,29.9
1,3,8,15,76911,15,887,0.4,50,Blue,0,10,10,0,0,HTR,90,wood,30.4,29.9
1,3,9,15,77964,15,887,0.4,50,Blue,0,10,10,0,0,HTR,90,wood,30.4,29.9
1,3,10,15,79015,15,883,0.4,50,Blue,0,10,10,0,0,HTR,90,wood,30.4,29.9
1,3,1,10,83224,10,603,0.4,50,Blue,0,10,10,0,0,HTR,90,wood,30.4,29.9
1,3,2,10,84276,11,631,0.4,50,Blue,0,10,10,0,0,HTR,90,wood,30.4,29.9
1,3,3,10,85327,10,603,0.4,50,Blue,0,10,10,0,0,HTR,90,wood,30.4,29.9
1,3,4,10,86379,10,603,0.4,50,Blue,0,10,10,0,0,HTR,90,wood,30.4,29.9
1,3,5,10,87431,10,603,0.4,50,Blue,0,10,10,0,0,HTR,90,wood,30.4,29.9
1,3,6,10,88483,10,603,0.4,50,Blue,0,10,10,0,0,HTR,90,wood,30.4,29.9
1,3,7,10,89535,10,607,0.4,50,Blue,0,10,10,0,0,HTR,90,wood,30.4,29.9
1,3,8,10,90587,10,599,0.4,50,Blue,0,10,10,0,0,HTR,90,wood,30.4,29.9
1,3,9,10,91638,10,603,0.4,50,Blue,0,10,10,0,0,HTR,90,wood,30.4,29.9
1,3,10,10,92690,10,603,0.4,50,Blue,0,10,10,0,0,HTR,90,wood,30.4,29.9
1,3,1,5,99001,5,315,0.4,50,Blue,0,10,10,0,0,HTR,90,wood,30.4,29.9
1,3,2,5,100052,5,323,0.4,50,Blue,0,10,10,0,0,HTR,90,wood,30.4,29.9
1,3,3,5,101104,5,319,0.4,50,Blue,0,10,10,0,0,HTR,90,wood,30.4,29.9
1,3,4,5,102156,5,315,0.4,50,Blue,0,10,10,0,0,HTR,90,wood,30.4,29.9
1,3,5,5,103207,5,319,0.4,50,Blue,0,10,10,0,0,HTR,90,wood,30.4,29.9
1,3,6,5,104258,5,295,0.4,50,Blue,0,10,10,0,0,HTR,90,wood,30.4,29.9
1,3,7,5,105310,5,295,0.4,50,Blue,0,10,10,0,0,HTR,90,wood,30.4,29.9
1,3,8,5,106361,5,295,0.4,50,Blue,0,10,10,0,0,HTR,90,wood,30.4,29.9
1,3,9,5,107413,5,295,0.4,50,Blue,0,10,10,0,0,HTR,90,wood,30.4,29.9
1,3,10,5,108465,5,295,0.4,50,Blue,0,10,10,0,0,HTR,90,wood,30.4,29.9
1,3,1,0,112681,0,0,0.4,50,Blue,0,10,10,0,0,HTR,90,wood,30.4,29.9
1,3,2,0,113744,0,0,0.4,50,Blue,0,10,10,0,0,HTR,90,wood,30.4,29.9
1,3,3,0,114807,0,0,0.4,50,Blue,0,10,10,0,0,HTR,90,wood,30.4,29.9
1,3,4,0,115869,0,0,0.4,50,Blue,0,10,10,0,0,HTR,90,wood,30.4,29.9
1,3,5,0,116932,0,0,0.4,50,Blue,0,10,10,0,0,HTR,90,wood,30.4,29.9
1,3,6,0,117995,0,0,0.4,50,Blue,0,10,10,0,0,HTR,90,wood,30.4,29.9
1,3,7,0,119057,0,0,0.4,50,Blue,0,10,10,0,0,HTR,90,wood,30.4,29.9
1,3,8,0,120120,0,0,0.4,50,Blue,0,10,10,0,0,HTR,90,wood,30.4,29.9
1,3,9,0,121183,0,0,0.4,50,Blue,0,10,10,0,0,HTR,90,wood,30.4,29.9
1,3,10,0,122245,0,0,0.4,50,Blue,0,10,10,0,0,HTR,90,wood,30.4,29.9
1,4,1,40,12774,41,2363,0.4,50,Green,0,10,10,0,0,HTR,90,wood,30.4,29.9
1,4,2,40,13829,41,2351,0.4,50,Green,0,10,10,0,0,HTR,90,wood,30.4,29.9
1,4,3,40,14884,39,2255,0.4,50,Green,0,10,10,0,0,HTR,90,wood,30.4,29.9
1,4,4,40,15940,41,2347,0.4,50,Green,0,10,10,0,0,HTR,90,wood,30.4,29.9
1,4,5,40,16995,40,2323,0.4,50,Green,0,10,10,0,0,HTR,90,wood,30.4,29.9
1,4,6,40,18051,40,2323,0.4,50,Green,0,10,10,0,0,HTR,90,wood,30.4,29.9
1,4,7,40,19105,41,2351,0.4,50,Green,0,10,10,0,0,HTR,90,wood,30.4,29.9
1,4,8,40,20161,41,2351,0.4,50,Green,0,10,10,0,0,HTR,90,wood,30.4,29.9
1,4,9,40,21217,39,2255,0.4,50,Green,0,10,10,0,0,HTR,90,wood,30.4,29.9
1,4,10,40,22272,40,2323,0.4,50,Green,0,10,10,0,0,HTR,90,wood,30.4,29.9
1,4,1,35,25438,35,2039,0.4,50,Green,0,10,10,0,0,HTR,90,wood,30.4,29.9
1,4,2,35,26492,35,2027,0.4,50,Green,0,10,10,0,0,HTR,90,wood,30.4,29.9
1,4,3,35,27547,35,2027,0.4,50,Green,0,10,10,0,0,HTR,90,wood,30.4,29.9
1,4,4,35,28602,35,2023,0.4,50,Green,0,10,10,0,0,HTR,90,wood,30.4,29.9
1,4,5,35,29658,35,2027,0.4,50,Green,0,10,10,0,0,HTR,90,wood,30.4,29.9
1,4,6,35,30712,35,2027,0.4,50,Green,0,10,10,0,0,HTR,90,wood,30.4,29.9
1,4,7,35,31767,35,2023,0.4,50,Green,0,10,10,0,0,HTR,90,wood,30.4,29.9
1,4,8,35,32823,35,2027,0.4,50,Green,0,10,10,0,0,HTR,90,wood,30.4,29.9
1,4,9,35,33878,35,2027,0.4,50,Green,0,10,10,0,0,HTR,90,wood,30.4,29.9
1,4,10,35,34932,35,2027,0.4,50,Green,0,10,10,0,0,HTR,90,wood,30.4,29.9
1,4,1,30,38097,30,1735,0.4,50,Green,0,10,10,0,0,HTR,90,wood,30.4,29.9
1,4,2,30,39152,30,1763,0.4,50,Green,0,10,10,0,0,HTR,90,wood,30.4,29.9
1,4,3,30,40207,31,1767,0.4,50,Green,0,10,10,0,0,HTR,90,wood,30.4,29.9
1,4,4,30,41262,29,1687,0.4,50,Green,0,10,10,0,0,HTR,90,wood,30.4,29.9
1,4,5,30,42316,29,1691,0.4,50,Green,0,10,10,0,0,HTR,90,wood,30.4,29.9
1,4,6,30,43371,29,1687,0.4,50,Green,0,10,10,0,0,HTR,90,wood,30.4,29.9
1,4,7,30,44426,29,1695,0.4,50,Green,0,10,10,0,0,HTR,90,wood,30.4,29.9
1,4,8,30,45480,29,1695,0.4,50,Green,0,10,10,0,0,HTR,90,wood,30.4,29.9
1,4,9,30,46535,29,1691,0.4,50,Green,0,10,10,0,0,HTR,90,wood,30.4,29.9
1,4,10,30,47590,29,1687,0.4,50,Green,0,10,10,0,0,HTR,90,wood,30.4,29.9
1,4,1,25,52862,25,1443,0.4,50,Green,0,10,10,0,0,HTR,90,wood,30.4,29.9
1,4,2,25,53917,25,1447,0.4,50,Green,0,10,10,0,0,HTR,90,wood,30.4,29.9
1,4,3,25,54972,25,1443,0.4,50,Green,0,10,10,0,0,HTR,90,wood,30.4,29.9
1,4,4,25,56027,25,1443,0.4,50,Green,0,10,10,0,0,HTR,90,wood,30.4,29.9
1,4,5,25,57080,26,1495,0.4,50,Green,0,10,10,0,0,HTR,90,wood,30.4,29.9
1,4,6,25,58135,26,1491,0.4,50,Green,0,10,10,0,0,HTR,90,wood,30.4,29.9
1,4,7,25,59190,26,1495,0.4,50,Green,0,10,10,0,0,HTR,90,wood,30.4,29.9
1,4,8,25,60244,26,1495,0.4,50,Green,0,10,10,0,0,HTR,90,wood,30.4,29.9
1,4,9,25,61298,26,1495,0.4,50,Green,0,10,10,0,0,HTR,90,wood,30.4,29.9
1,4,10,25,62353,26,1495,0.4,50,Green,0,10,10,0,0,HTR,90,wood,30.4,29.9
1,4,1,20,66571,20,1167,0.4,50,Green,0,10,10,0,0,HTR,90,wood,30.4,29.9
1,4,2,20,67624,20,1171,0.4,50,Green,0,10,10,0,0,HTR,90,wood,30.4,29.9
1,4,3,20,68679,20,1167,0.4,50,Green,0,10,10,0,0,HTR,90,wood,30.4,29.9
1,4,4,20,69733,20,1163,0.4,50,Green,0,10,10,0,0,HTR,90,wood,30.4,29.9
1,4,5,20,70787,20,1167,0.4,50,Green,0,10,10,0,0,HTR,90,wood,30.4,29.9
1,4,6,20,71841,20,1167,0.4,50,Green,0,10,10,0,0,HTR,90,wood,30.4,29.9
1,4,7,20,72895,20,1171,0.4,50,Green,0,10,10,0,0,HTR,90,wood,30.4,29.9
1,4,8,20,73950,20,1167,0.4,50,Green,0,10,10,0,0,HTR,90,wood,30.4,29.9
1,4,9,20,75003,20,1167,0.4,50,Green,0,10,10,0,0,HTR,90,wood,30.4,29.9
1,4,10,20,76058,20,1163,0.4,50,Green,0,10,10,0,0,HTR,90,wood,30.4,29.9
1,4,1,15,79220,15,903,0.4,50,Green,0,10,10,0,0,HTR,90,wood,30.4,29.9
1,4,2,15,80274,15,903,0.4,50,Green,0,10,10,0,0,HTR,90,wood,30.4,29.9
1,4,3,15,81328,15,907,0.4,50,Green,0,10,10,0,0,HTR,90,wood,30.4,29.9
1,4,4,15,82381,15,899,0.4,50,Green,0,10,10,0,0,HTR,90,wood,30.4,29.9
1,4,5,15,83435,15,907,0.4,50,Green,0,10,10,0,0,HTR,90,wood,30.4,29.9
1,4,6,15,84490,15,903,0.4,50,Green,0,10,10,0,0,HTR,90,wood,30.4,29.9
1,4,7,15,85543,15,903,0.4,50,Green,0,10,10,0,0,HTR,90,wood,30.4,29.9
1,4,8,15,86597,15,907,0.4,50,Green,0,10,10,0,0,HTR,90,wood,30.4,29.9
1,4,9,15,87651,15,907,0.4,50,Green,0,10,10,0,0,HTR,90,wood,30.4,29.9
1,4,10,15,88705,15,903,0.4,50,Green,0,10,10,0,0,HTR,90,wood,30.4,29.9
1,4,1,10,91866,10,603,0.4,50,Green,0,10,10,0,0,HTR,90,wood,30.4,29.9
1,4,2,10,92919,10,599,0.4,50,Green,0,10,10,0,0,HTR,90,wood,30.4,29.9
1,4,3,10,93973,10,599,0.4,50,Green,0,10,10,0,0,HTR,90,wood,30.4,29.9
1,4,4,10,95027,10,599,0.4,50,Green,0,10,10,0,0,HTR,90,wood,30.4,29.9
1,4,5,10,96080,10,603,0.4,50,Green,0,10,10,0,0,HTR,90,wood,30.4,29.9
1,4,6,10,97134,10,603,0.4,50,Green,0,10,10,0,0,HTR,90,wood,30.4,29.9
1,4,7,10,98187,10,603,0.4,50,Green,0,10,10,0,0,HTR,90,wood,30.4,29.9
1,4,8,10,99240,10,603,0.4,50,Green,0,10,10,0,0,HTR,90,wood,30.4,29.9
1,4,9,10,100294,10,599,0.4,50,Green,0,10,10,0,0,HTR,90,wood,30.4,29.9
1,4,10,10,101348,10,603,0.4,50,Green,0,10,10,0,0,HTR,90,wood,30.4,29.9
1,4,1,5,105563,5,327,0.4,50,Green,0,10,10,0,0,HTR,90,wood,30.4,29.9
1,4,2,5,106615,5,327,0.4,50,Green,0,10,10,0,0,HTR,90,wood,30.4,29.9
1,4,3,5,107669,6,395,0.4,50,Green,0,10,10,0,0,HTR,90,wood,30.4,29.9
1,4,4,5,108722,6,395,0.4,50,Green,0,10,10,0,0,HTR,90,wood,30.4,29.9
1,4,5,5,109775,6,395,0.4,50,Green,0,10,10,0,0,HTR,90,wood,30.4,29.9
1,4,6,5,110829,7,399,0.4,50,Green,0,10,10,0,0,HTR,90,wood,30.4,29.9
1,4,7,5,111883,6,395,0.4,50,Green,0,10,10,0,0,HTR,90,wood,30.4,29.9
1,4,8,5,112935,6,395,0.4,50,Green,0,10,10,0,0,HTR,90,wood,30.4,29.9
1,4,9,5,113989,6,395,0.4,50,Green,0,10,10,0,0,HTR,90,wood,30.4,29.9
1,4,10,5,115043,7,399,0.4,50,Green,0,10,10,0,0,HTR,90,wood,30.4,29.9
1,4,1,0,120320,0,0,0.4,50,Green,0,10,10,0,0,HTR,90,wood,30.4,29.9
1,4,2,0,121384,0,0,0.4,50,Green,0,10,10,0,0,HTR,90,wood,30.4,29.9
1,4,3,0,122448,0,0,0.4,50,Green,0,10,10,0,0,HTR,90,wood,30.4,29.9
1,4,4,0,123505,63,3607,0.4,50,Green,0,10,10,0,0,HTR,90,wood,30.4,29.9
1,4,5,0,124569,0,0,0.4,50,Green,0,10,10,0,0,HTR,90,wood,30.4,29.9
1,4,6,0,125634,0,0,0.4,50,Green,0,10,10,0,0,HTR,90,wood,30.4,29.9
1,4,7,0,126698,0,0,0.4,50,Green,0,10,10,0,0,HTR,90,wood,30.4,29.9
1,4,8,0,127763,0,0,0.4,50,Green,0,10,10,0,0,HTR,90,wood,30.4,29.9
1,4,9,0,128827,0,0,0.4,50,Green,0,10,10,0,0,HTR,90,wood,30.4,29.9
1,4,10,0,129891,0,0,0.4,50,Green,0,10,10,0,0,HTR,90,wood,30.4,29.9
1,5,1,40,7430,40,2311,0.4,50,Green,0,10,10,0,0,HTR,90,wood,30.4,29.9
1,5,2,40,8483,40,2335,0.4,50,Green,0,10,10,0,0,HTR,90,wood,30.4,29.9
1,5,3,40,9537,41,2359,0.4,50,Green,0,10,10,0,0,HTR,90,wood,30.4,29.9
1,5,4,40,10590,40,2311,0.4,50,Green,0,10,10,0,0,HTR,90,wood,30.4,29.9
1,5,5,40,11643,40,2307,0.4,50,Green,0,10,10,0,0,HTR,90,wood,30.4,29.9
1,5,6,40,12697,40,2311,0.4,50,Green,0,10,10,0,0,HTR,90,wood,30.4,29.9
1,5,7,40,13751,40,2311,0.4,50,Green,0,10,10,0,0,HTR,90,wood,30.4,29.9
1,5,8,40,14804,40,2307,0.4,50,Green,0,10,10,0,0,HTR,90,wood,30.4,29.9
1,5,9,40,15858,40,2307,0.4,50,Green,0,10,10,0,0,HTR,90,wood,30.4,29.9
1,5,10,40,16912,41,2355,0.4,50,Green,0,10,10,0,0,HTR,90,wood,30.4,29.9
1,5,1,35,21126,35,1999,0.4,50,Green,0,10,10,0,0,HTR,90,wood,30.4,29.9
1,5,2,35,22178,35,2007,0.4,50,Green,0,10,10,0,0,HTR,90,wood,30.4,29.9
1,5,3,35,23232,35,2003,0.4,50,Green,0,10,10,0,0,HTR,90,wood,30.4,29.9
1,5,4,35,24285,35,1999,0.4,50,Green,0,10,10,0,0,HTR,90,wood,30.4,29.9
1,5,5,35,25338,34,1979,0.4,50,Green,0,10,10,0,0,HTR,90,wood,30.4,29.9
1,5,6,35,26392,35,2003,0.4,50,Green,0,10,10,0,0,HTR,90,wood,30.4,29.9
1,5,7,35,27445,35,1999,0.4,50,Green,0,10,10,0,0,HTR,90,wood,30.4,29.9
1,5,8,35,28498,35,2003,0.4,50,Green,0,10,10,0,0,HTR,90,wood,30.4,29.9
1,5,9,35,29551,35,2003,0.4,50,Green,0,10,10,0,0,HTR,90,wood,30.4,29.9
1,5,10,35,30605,35,1999,0.4,50,Green,0,10,10,0,0,HTR,90,wood,30.4,29.9
1,5,1,30,31657,30,1759,0.4,50,Green,0,10,10,0,0,HTR,90,wood,30.4,29.9
1,5,2,30,32711,30,1723,0.4,50,Green,0,10,10,0,0,HTR,90,wood,30.4,29.9
1,5,3,30,33764,30,1723,0.4,50,Green,0,10,10,0,0,HTR,90,wood,30.4,29.9
1,5,4,30,34817,30,1719,0.4,50,Green,0,10,10,0,0,HTR,90,wood,30.4,29.9
1,5,5,30,35869,30,1747,0.4,50,Green,0,10,10,0,0,HTR,90,wood,30.4,29.9
1,5,6,30,36923,30,1747,0.4,50,Green,0,10,10,0,0,HTR,90,wood,30.4,29.9
1,5,7,30,37976,30,1747,0.4,50,Green,0,10,10,0,0,HTR,90,wood,30.4,29.9
1,5,8,30,39028,30,1747,0.4,50,Green,0,10,10,0,0,HTR,90,wood,30.4,29.9
1,5,9,30,40082,30,1747,0.4,50,Green,0,10,10,0,0,HTR,90,wood,30.4,29.9
1,5,10,30,41135,30,1747,0.4,50,Green,0,10,10,0,0,HTR,90,wood,30.4,29.9
1,5,1,25,44294,25,1439,0.4,50,Green,0,10,10,0,0,HTR,90,wood,30.4,29.9
1,5,2,25,45346,25,1467,0.4,50,Green,0,10,10,0,0,HTR,90,wood,30.4,29.9
1,5,3,25,46399,25,1439,0.4,50,Green,0,10,10,0,0,HTR,90,wood,30.4,29.9
1,5,4,25,47452,25,1439,0.4,50,Green,0,10,10,0,0,HTR,90,wood,30.4,29.9
1,5,5,25,48504,25,1435,0.4,50,Green,0,10,10,0,0,HTR,90,wood,30.4,29.9
1,5,6,25,49557,25,1435,0.4,50,Green,0,10,10,0,0,HTR,90,wood,30.4,29.9
1,5,7,25,50610,25,1439,0.4,50,Green,0,10,10,0,0,HTR,90,wood,30.4,29.9
1,5,8,25,51662,25,1443,0.4,50,Green,0,10,10,0,0,HTR,90,wood,30.4,29.9
1,5,9,25,52715,25,1439,0.4,50,Green,0,10,10,0,0,HTR,90,wood,30.4,29.9
1,5,10,25,53768,25,1435,0.4,50,Green,0,10,10,0,0,HTR,90,wood,30.4,29.9
1,5,1,20,56926,20,1187,0.4,50,Green,0,10,10,0,0,HTR,90,wood,30.4,29.9
1,5,2,20,57977,20,1187,0.4,50,Green,0,10,10,0,0,HTR,90,wood,30.4,29.9
1,5,3,20,59030,20,1179,0.4,50,Green,0,10,10,0,0,HTR,90,wood,30.4,29.9
1,5,4,20,60083,20,1183,0.4,50,Green,0,10,10,0,0,HTR,90,wood,30.4,29.9
1,5,5,20,61135,20,1179,0.4,50,Green,0,10,10,0,0,HTR,90,wood,30.4,29.9
1,5,6,20,62188,21,1203,0.4,50,Green,0,10,10,0,0,HTR,90,wood,30.4,29.9
1,5,7,20,63240,21,1207,0.4,50,Green,0,10,10,0,0,HTR,90,wood,30.4,29.9
1,5,8,20,64292,21,1203,0.4,50,Green,0,10,10,0,0,HTR,90,wood,30.4,29.9
1,5,9,20,65345,21,1227,0.4,50,Green,0,10,10,0,0,HTR,90,wood,30.4,29.9
1,5,10,20,66398,21,1227,0.4,50,Green,0,10,10,0,0,HTR,90,wood,30.4,29.9
1,5,1,15,71659,18,1039,0.4,50,Green,0,10,10,0,0,HTR,90,wood,30.4,29.9
1,5,2,15,72712,18,1039,0.4,50,Green,0,10,10,0,0,HTR,90,wood,30.4,29.9
1,5,3,15,73764,18,1039,0.4,50,Green,0,10,10,0,0,HTR,90,wood,30.4,29.9
1,5,4,15,74817,31,1779,0.4,50,Green,0,10,10,0,0,HTR,90,wood,30.4,29.9
1,5,5,15,75870,31,1807,0.4,50,Green,0,10,10,0,0,HTR,90,wood,30.4,29.9
1,5,6,15,76923,31,1807,0.4,50,Green,0,10,10,0,0,HTR,90,wood,30.4,29.9
1,5,7,15,77976,31,1807,0.4,50,Green,0,10,10,0,0,HTR,90,wood,30.4,29.9
1,5,8,15,79029,31,1803,0.4,50,Green,0,10,10,0,0,HTR,90,wood,30.4,29.9
1,5,9,15,80081,18,1035,0.4,50,Green,0,10,10,0,0,HTR,90,wood,30.4,29.9
1,5,10,15,81134,18,1039,0.4,50,Green,0,10,10,0,0,HTR,90,wood,30.4,29.9
1,5,1,10,86394,11,627,0.4,50,Green,0,10,10,0,0,HTR,90,wood,30.4,29.9
1,5,2,10,87446,11,679,0.4,50,Green,0,10,10,0,0,HTR,90,wood,30.4,29.9
1,5,3,10,88499,11,631,0.4,50,Green,0,10,10,0,0,HTR,90,wood,30.4,29.9
1,5,4,10,89550,11,631,0.4,50,Green,0,10,10,0,0,HTR,90,wood,30.4,29.9
1,5,5,10,90602,11,679,0.4,50,Green,0,10,10,0,0,HTR,90,wood,30.4,29.9
1,5,6,10,91654,11,651,0.4,50,Green,0,10,10,0,0,HTR,90,wood,30.4,29.9
1,5,7,10,92706,11,675,0.4,50,Green,0,10,10,0,0,HTR,90,wood,30.4,29.9
1,5,8,10,93758,11,675,0.4,50,Green,0,10,10,0,0,HTR,90,wood,30.4,29.9
1,5,9,10,94810,11,647,0.4,50,Green,0,10,10,0,0,HTR,90,wood,30.4,29.9
1,5,10,10,95861,11,651,0.4,50,Green,0,10,10,0,0,HTR,90,wood,30.4,29.9
1,5,1,5,99017,5,287,0.4,50,Green,0,10,10,0,0,HTR,90,wood,30.4,29.9
1,5,2,5,100068,4,271,0.4,50,Green,0,10,10,0,0,HTR,90,wood,30.4,29.9
1,5,3,5,101120,5,295,0.4,50,Green,0,10,10,0,0,HTR,90,wood,30.4,29.9
1,5,4,5,102171,5,299,0.4,50,Green,0,10,10,0,0,HTR,90,wood,30.4,29.9
1,5,5,5,103223,4,271,0.4,50,Green,0,10,10,0,0,HTR,90,wood,30.4,29.9
1,5,6,5,104274,4,271,0.4,50,Green,0,10,10,0,0,HTR,90,wood,30.4,29.9
1,5,7,5,105326,5,295,0.4,50,Green,0,10,10,0,0,HTR,90,wood,30.4,29.9
1,5,8,5,106378,5,295,0.4,50,Green,0,10,10,0,0,HTR,90,wood,30.4,29.9
1,5,9,5,107428,4,263,0.4,50,Green,0,10,10,0,0,HTR,90,wood,30.4,29.9
1,5,10,5,108480,4,267,0.4,50,Green,0,10,10,0,0,HTR,90,wood,30.4,29.9
1,5,1,0,116915,6,395,0.4,50,Green,0,10,10,0,0,HTR,90,wood,30.4,29.9
1,5,2,0,117966,5,319,0.4,50,Green,0,10,10,0,0,HTR,90,wood,30.4,29.9
1,5,3,0,119017,5,319,0.4,50,Green,0,10,10,0,0,HTR,90,wood,30.4,29.9
1,5,4,0,120069,5,291,0.4,50,Green,0,10,10,0,0,HTR,90,wood,30.4,29.9
1,5,5,0,121120,5,295,0.4,50,Green,0,10,10,0,0,HTR,90,wood,30.4,29.9
1,5,6,0,122172,5,339,0.4,50,Green,0,10,10,0,0,HTR,90,wood,30.4,29.9
1,5,7,0,123235,0,0,0.4,50,Green,0,10,10,0,0,HTR,90,wood,30.4,29.9
1,5,8,0,124298,0,0,0.4,50,Green,0,10,10,0,0,HTR,90,wood,30.4,29.9
1,5,9,0,125360,0,0,0.4,50,Green,0,10,10,0,0,HTR,90,wood,30.4,29.9
1,5,10,0,126423,0,0,0.4,50,Green,0,10,10,0,0,HTR,90,wood,30.4,29.9
1,6,1,40,3247,40,2319,0.4,50,Blue,0,10,10,0,0,HTR,90,wood,30.4,29.9
1,6,2,40,4301,39,2275,0.4,50,Blue,0,10,10,0,0,HTR,90,wood,30.4,29.9
1,6,3,40,5357,39,2275,0.4,50,Blue,0,10,10,0,0,HTR,90,wood,30.4,29.9
1,6,4,40,6412,39,2279,0.4,50,Blue,0,10,10,0,0,HTR,90,wood,30.4,29.9
1,6,5,40,7468,39,2251,0.4,50,Blue,0,10,10,0,0,HTR,90,wood,30.4,29.9
1,6,6,40,8522,39,2279,0.4,50,Blue,0,10,10,0,0,HTR,90,wood,30.4,29.9
1,6,7,40,9578,40,2283,0.4,50,Blue,0,10,10,0,0,HTR,90,wood,30.4,29.9
1,6,8,40,10633,39,2279,0.4,50,Blue,0,10,10,0,0,HTR,90,wood,30.4,29.9
1,6,9,40,11688,39,2279,0.4,50,Blue,0,10,10,0,0,HTR,90,wood,30.4,29.9
1,6,10,40,12743,39,2279,0.4,50,Blue,0,10,10,0,0,HTR,90,wood,30.4,29.9
1,6,1,35,14854,35,1999,0.4,50,Blue,0,10,10,0,0,HTR,90,wood,30.4,29.9
1,6,2,35,15908,35,2003,0.4,50,Blue,0,10,10,0,0,HTR,90,wood,30.4,29.9
1,6,3,35,16964,35,2027,0.4,50,Blue,0,10,10,0,0,HTR,90,wood,30.4,29.9
1,6,4,35,18019,35,2003,0.4,50,Blue,0,10,10,0,0,HTR,90,wood,30.4,29.9
1,6,5,35,19074,35,2003,0.4,50,Blue,0,10,10,0,0,HTR,90,wood,30.4,29.9
1,6,6,35,20129,35,2007,0.4,50,Blue,0,10,10,0,0,HTR,90,wood,30.4,29.9
1,6,7,35,21184,35,2007,0.4,50,Blue,0,10,10,0,0,HTR,90,wood,30.4,29.9
1,6,8,35,22239,35,1999,0.4,50,Blue,0,10,10,0,0,HTR,90,wood,30.4,29.9
1,6,9,35,23294,35,1999,0.4,50,Blue,0,10,10,0,0,HTR,90,wood,30.4,29.9
1,6,10,35,24349,35,1999,0.4,50,Blue,0,10,10,0,0,HTR,90,wood,30.4,29.9
1,6,1,30,26459,30,1743,0.4,50,Blue,0,10,10,0,0,HTR,90,wood,30.4,29.9
1,6,2,30,27513,30,1723,0.4,50,Blue,0,10,10,0,0,HTR,90,wood,30.4,29.9
1,6,3,30,28568,30,1723,0.4,50,Blue,0,10,10,0,0,HTR,90,wood,30.4,29.9
1,6,4,30,29623,30,1723,0.4,50,Blue,0,10,10,0,0,HTR,90,wood,30.4,29.9
1,6,5,30,30678,30,1723,0.4,50,Blue,0,10,10,0,0,HTR,90,wood,30.4,29.9
1,6,6,30,31732,29,1703,0.4,50,Blue,0,10,10,0,0,HTR,90,wood,30.4,29.9
1,6,7,30,32787,30,1723,0.4,50,Blue,0,10,10,0,0,HTR,90,wood,30.4,29.9
1,6,8,30,33843,29,1703,0.4,50,Blue,0,10,10,0,0,HTR,90,wood,30.4,29.9
1,6,9,30,34897,29,1703,0.4,50,Blue,0,10,10,0,0,HTR,90,wood,30.4,29.9
1,6,10,30,35952,30,1723,0.4,50,Blue,0,10,10,0,0,HTR,90,wood,30.4,29.9
1,6,1,25,39115,25,1435,0.4,50,Blue,0,10,10,0,0,HTR,90,wood,30.4,29.9
1,6,2,25,40170,25,1435,0.4,50,Blue,0,10,10,0,0,HTR,90,wood,30.4,29.9
1,6,3,25,41225,25,1443,0.4,50,Blue,0,10,10,0,0,HTR,90,wood,30.4,29.9
1,6,4,25,42279,25,1431,0.4,50,Blue,0,10,10,0,0,HTR,90,wood,30.4,29.9
1,6,5,25,43333,25,1439,0.4,50,Blue,0,10,10,0,0,HTR,90,wood,30.4,29.9
1,6,6,25,44388,25,1439,0.4,50,Blue,0,10,10,0,0,HTR,90,wood,30.4,29.9
1,6,7,25,45443,25,1439,0.4,50,Blue,0,10,10,0,0,HTR,90,wood,30.4,29.9
1,6,8,25,46497,25,1439,0.4,50,Blue,0,10,10,0,0,HTR,90,wood,30.4,29.9
1,6,9,25,47551,25,1439,0.4,50,Blue,0,10,10,0,0,HTR,90,wood,30.4,29.9
1,6,10,25,48606,25,1435,0.4,50,Blue,0,10,10,0,0,HTR,90,wood,30.4,29.9
1,6,1,20,52824,20,1143,0.4,50,Blue,0,10,10,0,0,HTR,90,wood,30.4,29.9
1,6,2,20,53877,20,1143,0.4,50,Blue,0,10,10,0,0,HTR,90,wood,30.4,29.9
1,6,3,20,54931,20,1143,0.4,50,Blue,0,10,10,0,0,HTR,90,wood,30.4,29.9
1,6,4,20,55986,19,1139,0.4,50,Blue,0,10,10,0,0,HTR,90,wood,30.4,29.9
1,6,5,20,57039,20,1143,0.4,50,Blue,0,10,10,0,0,HTR,90,wood,30.4,29.9
1,6,6,20,58094,20,1143,0.4,50,Blue,0,10,10,0,0,HTR,90,wood,30.4,29.9
1,6,7,20,59148,19,1135,0.4,50,Blue,0,10,10,0,0,HTR,90,wood,30.4,29.9
1,6,8,20,60203,19,1139,0.4,50,Blue,0,10,10,0,0,HTR,90,wood,30.4,29.9
1,6,9,20,61256,19,1139,0.4,50,Blue,0,10,10,0,0,HTR,90,wood,30.4,29.9
1,6,10,20,62311,19,1139,0.4,50,Blue,0,10,10,0,0,HTR,90,wood,30.4,29.9
1,6,1,15,68635,15,863,0.4,50,Blue,0,10,10,0,0,HTR,90,wood,30.4,29.9
1,6,2,15,69689,15,863,0.4,50,Blue,0,10,10,0,0,HTR,90,wood,30.4,29.9
1,6,3,15,70743,15,867,0.4,50,Blue,0,10,10,0,0,HTR,90,wood,30.4,29.9
1,6,4,15,71796,15,863,0.4,50,Blue,0,10,10,0,0,HTR,90,wood,30.4,29.9
1,6,5,15,72850,15,863,0.4,50,Blue,0,10,10,0,0,HTR,90,wood,30.4,29.9
1,6,6,15,73905,15,867,0.4,50,Blue,0,10,10,0,0,HTR,90,wood,30.4,29.9
1,6,7,15,74958,15,867,0.4,50,Blue,0,10,10,0,0,HTR,90,wood,30.4,29.9
1,6,8,15,76012,14,839,0.4,50,Blue,0,10,10,0,0,HTR,90,wood,30.4,29.9
1,6,9,15,77066,15,867,0.4,50,Blue,0,10,10,0,0,HTR,90,wood,30.4,29.9
1,6,10,15,78119,15,863,0.4,50,Blue,0,10,10,0,0,HTR,90,wood,30.4,29.9
1,6,1,10,83388,10,579,0.4,50,Blue,0,10,10,0,0,HTR,90,wood,30.4,29.9
1,6,2,10,84442,10,583,0.4,50,Blue,0,10,10,0,0,HTR,90,wood,30.4,29.9
1,6,3,10,85495,10,583,0.4,50,Blue,0,10,10,0,0,HTR,90,wood,30.4,29.9
1,6,4,10,86549,10,579,0.4,50,Blue,0,10,10,0,0,HTR,90,wood,30.4,29.9
1,6,5,10,87603,10,583,0.4,50,Blue,0,10,10,0,0,HTR,90,wood,30.4,29.9
1,6,6,10,88656,10,579,0.4,50,Blue,0,10,10,0,0,HTR,90,wood,30.4,29.9
1,6,7,10,89710,10,583,0.4,50,Blue,0,10,10,0,0,HTR,90,wood,30.4,29.9
1,6,8,10,90763,10,579,0.4,50,Blue,0,10,10,0,0,HTR,90,wood,30.4,29.9
1,6,9,10,91816,10,579,0.4,50,Blue,0,10,10,0,0,HTR,90,wood,30.4,29.9
1,6,10,10,92870,10,579,0.4,50,Blue,0,10,10,0,0,HTR,90,wood,30.4,29.9
1,6,1,5,98138,5,299,0.4,50,Blue,0,10,10,0,0,HTR,90,wood,30.4,29.9
1,6,2,5,99191,5,319,0.4,50,Blue,0,10,10,0,0,HTR,90,wood,30.4,29.9
1,6,3,5,100244,5,323,0.4,50,Blue,0,10,10,0,0,HTR,90,wood,30.4,29.9
1,6,4,5,101298,5,311,0.4,50,Blue,0,10,10,0,0,HTR,90,wood,30.4,29.9
1,6,5,5,102350,5,311,0.4,50,Blue,0,10,10,0,0,HTR,90,wood,30.4,29.9
1,6,6,5,103404,5,315,0.4,50,Blue,0,10,10,0,0,HTR,90,wood,30.4,29.9
1,6,7,5,104458,5,323,0.4,50,Blue,0,10,10,0,0,HTR,90,wood,30.4,29.9
1,6,8,5,105510,5,315,0.4,50,Blue,0,10,10,0,0,HTR,90,wood,30.4,29.9
1,6,9,5,106564,5,319,0.4,50,Blue,0,10,10,0,0,HTR,90,wood,30.4,29.9
1,6,10,5,107618,5,319,0.4,50,Blue,0,10,10,0,0,HTR,90,wood,30.4,29.9
1,6,1,0,113959,0,0,0.4,50,Blue,0,10,10,0,0,HTR,90,wood,30.4,29.9
1,6,2,0,115023,0,0,0.4,50,Blue,0,10,10,0,0,HTR,90,wood,30.4,29.9
1,6,3,0,116088,0,0,0.4,50,Blue,0,10,10,0,0,HTR,90,wood,30.4,29.9
1,6,4,0,117141,8,475,0.4,50,Blue,0,10,10,0,0,HTR,90,wood,30.4,29.9
1,6,5,0,118206,0,0,0.4,50,Blue,0,10,10,0,0,HTR,90,wood,30.4,29.9
1,6,6,0,119259,8,475,0.4,50,Blue,0,10,10,0,0,HTR,90,wood,30.4,29.9
1,6,7,0,120312,7,427,0.4,50,Blue,0,10,10,0,0,HTR,90,wood,30.4,29.9
1,6,8,0,121366,7,423,0.4,50,Blue,0,10,10,0,0,HTR,90,wood,30.4,29.9
1,6,9,0,122420,7,451,0.4,50,Blue,0,10,10,0,0,HTR,90,wood,30.4,29.9
1,6,10,0,123472,7,443,0.4,50,Blue,0,10,10,0,0,HTR,90,wood,30.4,29.9
1,7,1,40,3239,39,2271,0.4,50,Green,0,10,10,0,0,HTR,90,wood,30.4,29.9
1,7,2,40,4293,40,2287,0.4,50,Green,0,10,10,0,0,HTR,90,wood,30.4,29.9
1,7,3,40,5346,39,2251,0.4,50,Green,0,10,10,0,0,HTR,90,wood,30.4,29.9
1,7,4,40,6400,39,2251,0.4,50,Green,0,10,10,0,0,HTR,90,wood,30.4,29.9
1,7,5,40,7453,39,2251,0.4,50,Green,0,10,10,0,0,HTR,90,wood,30.4,29.9
1,7,6,40,8507,39,2247,0.4,50,Green,0,10,10,0,0,HTR,90,wood,30.4,29.9
1,7,7,40,9561,39,2255,0.4,50,Green,0,10,10,0,0,HTR,90,wood,30.4,29.9
1,7,8,40,10613,39,2247,0.4,50,Green,0,10,10,0,0,HTR,90,wood,30.4,29.9
1,7,9,40,11667,39,2255,0.4,50,Green,0,10,10,0,0,HTR,90,wood,30.4,29.9
1,7,10,40,12721,39,2247,0.4,50,Green,0,10,10,0,0,HTR,90,wood,30.4,29.9
1,7,1,35,19042,34,1975,0.4,50,Green,0,10,10,0,0,HTR,90,wood,30.4,29.9
1,7,2,35,20094,34,1975,0.4,50,Green,0,10,10,0,0,HTR,90,wood,30.4,29.9
1,7,3,35,21148,34,1971,0.4,50,Green,0,10,10,0,0,HTR,90,wood,30.4,29.9
1,7,4,35,22201,34,1967,0.4,50,Green,0,10,10,0,0,HTR,90,wood,30.4,29.9
1,7,5,35,23255,34,1975,0.4,50,Green,0,10,10,0,0,HTR,90,wood,30.4,29.9
1,7,6,35,24307,34,1991,0.4,50,Green,0,10,10,0,0,HTR,90,wood,30.4,29.9
1,7,7,35,25361,34,1975,0.4,50,Green,0,10,10,0,0,HTR,90,wood,30.4,29.9
1,7,8,35,26415,35,1995,0.4,50,Green,0,10,10,0,0,HTR,90,wood,30.4,29.9
1,7,9,35,27467,34,1971,0.4,50,Green,0,10,10,0,0,HTR,90,wood,30.4,29.9
1,7,10,35,28521,34,1967,0.4,50,Green,0,10,10,0,0,HTR,90,wood,30.4,29.9
1,7,1,30,31680,29,1691,0.4,50,Green,0,10,10,0,0,HTR,90,wood,30.4,29.9
1,7,2,30,32733,29,1683,0.4,50,Green,0,10,10,0,0,HTR,90,wood,30.4,29.9
1,7,3,30,33785,29,1687,0.4,50,Green,0,10,10,0,0,HTR,90,wood,30.4,29.9
1,7,4,30,34839,29,1687,0.4,50,Green,0,10,10,0,0,HTR,90,wood,30.4,29.9
1,7,5,30,35892,29,1687,0.4,50,Green,0,10,10,0,0,HTR,90,wood,30.4,29.9
1,7,6,30,36944,29,1687,0.4,50,Green,0,10,10,0,0,HTR,90,wood,30.4,29.9
1,7,7,30,37998,29,1687,0.4,50,Green,0,10,10,0,0,HTR,90,wood,30.4,29.9
1,7,8,30,39051,29,1683,0.4,50,Green,0,10,10,0,0,HTR,90,wood,30.4,29.9
1,7,9,30,40103,29,1683,0.4,50,Green,0,10,10,0,0,HTR,90,wood,30.4,29.9
1,7,10,30,41156,29,1687,0.4,50,Green,0,10,10,0,0,HTR,90,wood,30.4,29.9
1,7,1,25,44315,25,1427,0.4,50,Green,0,10,10,0,0,HTR,90,wood,30.4,29.9
1,7,2,25,45368,25,1427,0.4,50,Green,0,10,10,0,0,HTR,90,wood,30.4,29.9
1,7,3,25,46420,25,1431,0.4,50,Green,0,10,10,0,0,HTR,90,wood,30.4,29.9
1,7,4,25,47473,24,1419,0.4,50,Green,0,10,10,0,0,HTR,90,wood,30.4,29.9
1,7,5,25,48526,24,1399,0.4,50,Green,0,10,10,0,0,HTR,90,wood,30.4,29.9
1,7,6,25,49579,24,1399,0.4,50,Green,0,10,10,0,0,HTR,90,wood,30.4,29.9
1,7,7,25,50631,24,1399,0.4,50,Green,0,10,10,0,0,HTR,90,wood,30.4,29.9
1,7,8,25,51684,24,1399,0.4,50,Green,0,10,10,0,0,HTR,90,wood,30.4,29.9
1,7,9,25,52737,25,1427,0.4,50,Green,0,10,10,0,0,HTR,90,wood,30.4,29.9
1,7,10,25,53789,25,1427,0.4,50,Green,0,10,10,0,0,HTR,90,wood,30.4,29.9
1,7,1,20,58000,20,1147,0.4,50,Green,0,10,10,0,0,HTR,90,wood,30.4,29.9
1,7,2,20,59053,20,1147,0.4,50,Green,0,10,10,0,0,HTR,90,wood,30.4,29.9
1,7,3,20,60104,20,1143,0.4,50,Green,0,10,10,0,0,HTR,90,wood,30.4,29.9
1,7,4,20,61157,19,1115,0.4,50,Green,0,10,10,0,0,HTR,90,wood,30.4,29.9
1,7,5,20,62210,19,1119,0.4,50,Green,0,10,10,0,0,HTR,90,wood,30.4,29.9
1,7,6,20,63262,19,1115,0.4,50,Green,0,10,10,0,0,HTR,90,wood,30.4,29.9
1,7,7,20,64314,19,1119,0.4,50,Green,0,10,10,0,0,HTR,90,wood,30.4,29.9
1,7,8,20,65367,19,1119,0.4,50,Green,0,10,10,0,0,HTR,90,wood,30.4,29.9
1,7,9,20,66419,19,1115,0.4,50,Green,0,10,10,0,0,HTR,90,wood,30.4,29.9
1,7,10,20,67471,19,1123,0.4,50,Green,0,10,10,0,0,HTR,90,wood,30.4,29.9
1,7,1,15,70628,15,887,0.4,50,Green,0,10,10,0,0,HTR,90,wood,30.4,29.9
1,7,2,15,71681,15,863,0.4,50,Green,0,10,10,0,0,HTR,90,wood,30.4,29.9
1,7,3,15,72732,15,863,0.4,50,Green,0,10,10,0,0,HTR,90,wood,30.4,29.9
1,7,4,15,73785,15,859,0.4,50,Green,0,10,10,0,0,HTR,90,wood,30.4,29.9
1,7,5,15,74836,15,859,0.4,50,Green,0,10,10,0,0,HTR,90,wood,30.4,29.9
1,7,6,15,75889,15,863,0.4,50,Green,0,10,10,0,0,HTR,90,wood,30.4,29.9
1,7,7,15,76941,15,863,0.4,50,Green,0,10,10,0,0,HTR,90,wood,30.4,29.9
1,7,8,15,77992,15,863,0.4,50,Green,0,10,10,0,0,HTR,90,wood,30.4,29.9
1,7,9,15,79045,15,863,0.4,50,Green,0,10,10,0,0,HTR,90,wood,30.4,29.9
1,7,10,15,80097,15,859,0.4,50,Green,0,10,10,0,0,HTR,90,wood,30.4,29.9
1,7,1,10,84305,9,555,0.4,50,Green,0,10,10,0,0,HTR,90,wood,30.4,29.9
1,7,2,10,85357,9,555,0.4,50,Green,0,10,10,0,0,HTR,90,wood,30.4,29.9
1,7,3,10,86409,9,555,0.4,50,Green,0,10,10,0,0,HTR,90,wood,30.4,29.9
1,7,4,10,87460,9,555,0.4,50,Green,0,10,10,0,0,HTR,90,wood,30.4,29.9
1,7,5,10,88512,9,551,0.4,50,Green,0,10,10,0,0,HTR,90,wood,30.4,29.9
1,7,6,10,89564,9,555,0.4,50,Green,0,10,10,0,0,HTR,90,wood,30.4,29.9
1,7,7,10,90615,9,555,0.4,50,Green,0,10,10,0,0,HTR,90,wood,30.4,29.9
1,7,8,10,91667,9,551,0.4,50,Green,0,10,10,0,0,HTR,90,wood,30.4,29.9
1,7,9,10,92720,9,551,0.4,50,Green,0,10,10,0,0,HTR,90,wood,30.4,29.9
1,7,10,10,93771,9,555,0.4,50,Green,0,10,10,0,0,HTR,90,wood,30.4,29.9
1,7,1,5,97978,5,295,0.4,50,Green,0,10,10,0,0,HTR,90,wood,30.4,29.9
1,7,2,5,99030,5,319,0.4,50,Green,0,10,10,0,0,HTR,90,wood,30.4,29.9
1,7,3,5,100080,5,291,0.4,50,Green,0,10,10,0,0,HTR,90,wood,30.4,29.9
1,7,4,5,101132,5,291,0.4,50,Green,0,10,10,0,0,HTR,90,wood,30.4,29.9
1,7,5,5,102183,5,291,0.4,50,Green,0,10,10,0,0,HTR,90,wood,30.4,29.9
1,7,6,5,103235,5,287,0.4,50,Green,0,10,10,0,0,HTR,90,wood,30.4,29.9
1,7,7,5,104287,5,291,0.4,50,Green,0,10,10,0,0,HTR,90,wood,30.4,29.9
1,7,8,5,105338,5,295,0.4,50,Green,0,10,10,0,0,HTR,90,wood,30.4,29.9
1,7,9,5,106390,5,287,0.4,50,Green,0,10,10,0,0,HTR,90,wood,30.4,29.9
1,7,10,5,107442,5,287,0.4,50,Green,0,10,10,0,0,HTR,90,wood,30.4,29.9
1,7,1,0,113751,4,267,0.4,50,Green,0,10,10,0,0,HTR,90,wood,30.4,29.9
1,7,2,0,114802,3,219,0.4,50,Green,0,10,10,0,0,HTR,90,wood,30.4,29.9
1,7,3,0,115853,3,215,0.4,50,Green,0,10,10,0,0,HTR,90,wood,30.4,29.9
1,7,4,0,116904,4,239,0.4,50,Green,0,10,10,0,0,HTR,90,wood,30.4,29.9
1,7,5,0,117956,4,239,0.4,50,Green,0,10,10,0,0,HTR,90,wood,30.4,29.9
1,7,6,0,119008,3,211,0.4,50,Green,0,10,10,0,0,HTR,90,wood,30.4,29.9
1,7,7,0,120059,4,239,0.4,50,Green,0,10,10,0,0,HTR,90,wood,30.4,29.9
1,7,8,0,121110,4,239,0.4,50,Green,0,10,10,0,0,HTR,90,wood,30.4,29.9
1,7,9,0,122162,3,211,0.4,50,Green,0,10,10,0,0,HTR,90,wood,30.4,29.9
1,7,10,0,123213,6,379,0.4,50,Green,0,10,10,0,0,HTR,90,wood,30.4,29.9
1,8,1,40,5317,39,2255,0.4,50,Blue,0,10,10,0,0,HTR,90,wood,30.4,29.9
1,8,2,40,6371,39,2247,0.4,50,Blue,0,10,10,0,0,HTR,90,wood,30.4,29.9
1,8,3,40,7424,39,2239,0.4,50,Blue,0,10,10,0,0,HTR,90,wood,30.4,29.9
1,8,4,40,8477,39,2243,0.4,50,Blue,0,10,10,0,0,HTR,90,wood,30.4,29.9
1,8,5,40,9531,38,2219,0.4,50,Blue,0,10,10,0,0,HTR,90,wood,30.4,29.9
1,8,6,40,10585,38,2219,0.4,50,Blue,0,10,10,0,0,HTR,90,wood,30.4,29.9
1,8,7,40,11638,38,2215,0.4,50,Blue,0,10,10,0,0,HTR,90,wood,30.4,29.9
1,8,8,40,12691,38,2215,0.4,50,Blue,0,10,10,0,0,HTR,90,wood,30.4,29.9
1,8,9,40,13745,38,2219,0.4,50,Blue,0,10,10,0,0,HTR,90,wood,30.4,29.9
1,8,10,40,14798,38,2219,0.4,50,Blue,0,10,10,0,0,HTR,90,wood,30.4,29.9
1,8,1,35,17958,34,1963,0.4,50,Blue,0,10,10,0,0,HTR,90,wood,30.4,29.9
1,8,2,35,19011,34,1951,0.4,50,Blue,0,10,10,0,0,HTR,90,wood,30.4,29.9
1,8,3,35,20065,34,1955,0.4,50,Blue,0,10,10,0,0,HTR,90,wood,30.4,29.9
1,8,4,35,21118,34,1955,0.4,50,Blue,0,10,10,0,0,HTR,90,wood,30.4,29.9
1,8,5,35,22171,34,1951,0.4,50,Blue,0,10,10,0,0,HTR,90,wood,30.4,29.9
1,8,6,35,23225,34,1959,0.4,50,Blue,0,10,10,0,0,HTR,90,wood,30.4,29.9
1,8,7,35,24278,33,1931,0.4,50,Blue,0,10,10,0,0,HTR,90,wood,30.4,29.9
1,8,8,35,25331,33,1931,0.4,50,Blue,0,10,10,0,0,HTR,90,wood,30.4,29.9
1,8,9,35,26384,33,1931,0.4,50,Blue,0,10,10,0,0,HTR,90,wood,30.4,29.9
1,8,10,35,27438,34,1955,0.4,50,Blue,0,10,10,0,0,HTR,90,wood,30.4,29.9
1,8,1,30,31650,29,1667,0.4,50,Blue,0,10,10,0,0,HTR,90,wood,30.4,29.9
1,8,2,30,32703,29,1663,0.4,50,Blue,0,10,10,0,0,HTR,90,wood,30.4,29.9
1,8,3,30,33756,29,1687,0.4,50,Blue,0,10,10,0,0,HTR,90,wood,30.4,29.9
1,8,4,30,34808,29,1663,0.4,50,Blue,0,10,10,0,0,HTR,90,wood,30.4,29.9
1,8,5,30,35862,29,1663,0.4,50,Blue,0,10,10,0,0,HTR,90,wood,30.4,29.9
1,8,6,30,36915,29,1663,0.4,50,Blue,0,10,10,0,0,HTR,90,wood,30.4,29.9
1,8,7,30,37967,29,1667,0.4,50,Blue,0,10,10,0,0,HTR,90,wood,30.4,29.9
1,8,8,30,39020,29,1667,0.4,50,Blue,0,10,10,0,0,HTR,90,wood,30.4,29.9
1,8,9,30,40074,29,1663,0.4,50,Blue,0,10,10,0,0,HTR,90,wood,30.4,29.9
1,8,10,30,41126,29,1663,0.4,50,Blue,0,10,10,0,0,HTR,90,wood,30.4,29.9
1,8,1,25,46391,24,1391,0.4,50,Blue,0,10,10,0,0,HTR,90,wood,30.4,29.9
1,8,2,25,47443,24,1387,0.4,50,Blue,0,10,10,0,0,HTR,90,wood,30.4,29.9
1,8,3,25,48496,24,1415,0.4,50,Blue,0,10,10,0,0,HTR,90,wood,30.4,29.9
1,8,4,25,49549,24,1387,0.4,50,Blue,0,10,10,0,0,HTR,90,wood,30.4,29.9
1,8,5,25,50601,24,1387,0.4,50,Blue,0,10,10,0,0,HTR,90,wood,30.4,29.9
1,8,6,25,51654,24,1391,0.4,50,Blue,0,10,10,0,0,HTR,90,wood,30.4,29.9
1,8,7,25,52707,24,1387,0.4,50,Blue,0,10,10,0,0,HTR,90,wood,30.4,29.9
1,8,8,25,53760,24,1387,0.4,50,Blue,0,10,10,0,0,HTR,90,wood,30.4,29.9
1,8,9,25,54812,24,1387,0.4,50,Blue,0,10,10,0,0,HTR,90,wood,30.4,29.9
1,8,10,25,55865,24,1387,0.4,50,Blue,0,10,10,0,0,HTR,90,wood,30.4,29.9
1,8,1,20,59023,19,1135,0.4,50,Blue,0,10,10,0,0,HTR,90,wood,30.4,29.9
1,8,2,20,60075,19,1091,0.4,50,Blue,0,10,10,0,0,HTR,90,wood,30.4,29.9
1,8,3,20,61127,19,1091,0.4,50,Blue,0,10,10,0,0,HTR,90,wood,30.4,29.9
1,8,4,20,62180,19,1095,0.4,50,Blue,0,10,10,0,0,HTR,90,wood,30.4,29.9
1,8,5,20,63232,19,1091,0.4,50,Blue,0,10,10,0,0,HTR,90,wood,30.4,29.9
1,8,6,20,64284,19,1095,0.4,50,Blue,0,10,10,0,0,HTR,90,wood,30.4,29.9
1,8,7,20,65337,19,1095,0.4,50,Blue,0,10,10,0,0,HTR,90,wood,30.4,29.9
1,8,8,20,66388,19,1095,0.4,50,Blue,0,10,10,0,0,HTR,90,wood,30.4,29.9
1,8,9,20,67441,19,1091,0.4,50,Blue,0,10,10,0,0,HTR,90,wood,30.4,29.9
1,8,10,20,68494,19,1091,0.4,50,Blue,0,10,10,0,0,HTR,90,wood,30.4,29.9
1,8,1,15,71651,14,847,0.4,50,Blue,0,10,10,0,0,HTR,90,wood,30.4,29.9
1,8,2,15,72702,14,831,0.4,50,Blue,0,10,10,0,0,HTR,90,wood,30.4,29.9
1,8,3,15,73755,14,831,0.4,50,Blue,0,10,10,0,0,HTR,90,wood,30.4,29.9
1,8,4,15,74807,14,831,0.4,50,Blue,0,10,10,0,0,HTR,90,wood,30.4,29.9
1,8,5,15,75858,14,831,0.4,50,Blue,0,10,10,0,0,HTR,90,wood,30.4,29.9
1,8,6,15,76911,14,831,0.4,50,Blue,0,10,10,0,0,HTR,90,wood,30.4,29.9
1,8,7,15,77963,14,831,0.4,50,Blue,0,10,10,0,0,HTR,90,wood,30.4,29.9
1,8,8,15,79015,14,831,0.4,50,Blue,0,10,10,0,0,HTR,90,wood,30.4,29.9
1,8,9,15,80067,14,831,0.4,50,Blue,0,10,10,0,0,HTR,90,wood,30.4,29.9
1,8,10,15,81119,14,835,0.4,50,Blue,0,10,10,0,0,HTR,90,wood,30.4,29.9
1,8,1,10,84275,8,507,0.4,50,Blue,0,10,10,0,0,HTR,90,wood,30.4,29.9
1,8,2,10,85326,8,479,0.4,50,Blue,0,10,10,0,0,HTR,90,wood,30.4,29.9
1,8,3,10,86378,8,479,0.4,50,Blue,0,10,10,0,0,HTR,90,wood,30.4,29.9
1,8,4,10,87430,8,479,0.4,50,Blue,0,10,10,0,0,HTR,90,wood,30.4,29.9
1,8,5,10,88481,8,479,0.4,50,Blue,0,10,10,0,0,HTR,90,wood,30.4,29.9
1,8,6,10,89533,8,479,0.4,50,Blue,0,10,10,0,0,HTR,90,wood,30.4,29.9
1,8,7,10,90585,8,479,0.4,50,Blue,0,10,10,0,0,HTR,90,wood,30.4,29.9
1,8,8,10,91636,8,475,0.4,50,Blue,0,10,10,0,0,HTR,90,wood,30.4,29.9
1,8,9,10,92688,8,479,0.4,50,Blue,0,10,10,0,0,HTR,90,wood,30.4,29.9
1,8,10,10,93740,8,479,0.4,50,Blue,0,10,10,0,0,HTR,90,wood,30.4,29.9
1,8,1,5,100049,4,279,0.4,50,Blue,0,10,10,0,0,HTR,90,wood,30.4,29.9
1,8,2,5,101101,4,255,0.4,50,Blue,0,10,10,0,0,HTR,90,wood,30.4,29.9
1,8,3,5,102153,4,275,0.4,50,Blue,0,10,10,0,0,HTR,90,wood,30.4,29.9
1,8,4,5,103203,4,271,0.4,50,Blue,0,10,10,0,0,HTR,90,wood,30.4,29.9
1,8,5,5,104255,4,247,0.4,50,Blue,0,10,10,0,0,HTR,90,wood,30.4,29.9
1,8,6,5,105307,4,251,0.4,50,Blue,0,10,10,0,0,HTR,90,wood,30.4,29.9
1,8,7,5,106358,4,255,0.4,50,Blue,0,10,10,0,0,HTR,90,wood,30.4,29.9
1,8,8,5,107410,4,247,0.4,50,Blue,0,10,10,0,0,HTR,90,wood,30.4,29.9
1,8,9,5,108462,4,251,0.4,50,Blue,0,10,10,0,0,HTR,90,wood,30.4,29.9
1,8,10,5,109512,4,251,0.4,50,Blue,0,10,10,0,0,HTR,90,wood,30.4,29.9
1,8,1,0,113730,0,0,0.4,50,Blue,0,10,10,0,0,HTR,90,wood,30.4,29.9
1,8,2,0,114792,0,0,0.4,50,Blue,0,10,10,0,0,HTR,90,wood,30.4,29.9
1,8,3,0,115844,4,239,0.4,50,Blue,0,10,10,0,0,HTR,90,wood,30.4,29.9
1,8,4,0,116895,3,191,0.4,50,Blue,0,10,10,0,0,HTR,90,wood,30.4,29.9
1,8,5,0,117947,3,191,0.4,50,Blue,0,10,10,0,0,HTR,90,wood,30.4,29.9
1,8,6,0,118998,4,239,0.4,50,Blue,0,10,10,0,0,HTR,90,wood,30.4,29.9
1,8,7,0,120049,4,239,0.4,50,Blue,0,10,10,0,0,HTR,90,wood,30.4,29.9
1,8,8,0,121101,6,347,0.4,50,Blue,0,10,10,0,0,HTR,90,wood,30.4,29.9
1,8,9,0,122152,5,323,0.4,50,Blue,0,10,10,0,0,HTR,90,wood,30.4,29.9
1,8,10,0,123204,3,191,0.4,50,Blue,0,10,10,0,0,HTR,90,wood,30.4,29.9
1,9,1,40,1134,0,0,0.4,50,Blue,0,10,10,0,0,HTR,90,wood,30.4,29.9
1,9,2,40,2202,0,0,0.4,50,Blue,0,10,10,0,0,HTR,90,wood,30.4,29.9
1,9,3,40,3270,0,0,0.4,50,Blue,0,10,10,0,0,HTR,90,wood,30.4,29.9
1,9,4,40,4337,0,0,0.4,50,Blue,0,10,10,0,0,HTR,90,wood,30.4,29.9
1,9,5,40,5405,0,0,0.4,50,Blue,0,10,10,0,0,HTR,90,wood,30.4,29.9
1,9,6,40,6473,0,0,0.4,50,Blue,0,10,10,0,0,HTR,90,wood,30.4,29.9
1,9,7,40,7541,0,0,0.4,50,Blue,0,10,10,0,0,HTR,90,wood,30.4,29.9
1,9,8,40,8608,0,0,0.4,50,Blue,0,10,10,0,0,HTR,90,wood,30.4,29.9
1,9,9,40,9676,0,0,0.4,50,Blue,0,10,10,0,0,HTR,90,wood,30.4,29.9
1,9,10,40,10744,0,0,0.4,50,Blue,0,10,10,0,0,HTR,90,wood,30.4,29.9
1,9,1,35,11812,0,0,0.4,50,Blue,0,10,10,0,0,HTR,90,wood,30.4,29.9
1,9,2,35,12880,0,0,0.4,50,Blue,0,10,10,0,0,HTR,90,wood,30.4,29.9
1,9,3,35,13948,0,0,0.4,50,Blue,0,10,10,0,0,HTR,90,wood,30.4,29.9
1,9,4,35,15015,0,0,0.4,50,Blue,0,10,10,0,0,HTR,90,wood,30.4,29.9
1,9,5,35,16083,0,0,0.4,50,Blue,0,10,10,0,0,HTR,90,wood,30.4,29.9
1,9,6,35,17152,0,0,0.4,50,Blue,0,10,10,0,0,HTR,90,wood,30.4,29.9
1,9,7,35,18220,0,0,0.4,50,Blue,0,10,10,0,0,HTR,90,wood,30.4,29.9
1,9,8,35,19288,0,0,0.4,50,Blue,0,10,10,0,0,HTR,90,wood,30.4,29.9
1,9,9,35,20356,0,0,0.4,50,Blue,0,10,10,0,0,HTR,90,wood,30.4,29.9
1,9,10,35,21423,0,0,0.4,50,Blue,0,10,10,0,0,HTR,90,wood,30.4,29.9
1,9,1,30,22491,0,0,0.4,50,Blue,0,10,10,0,0,HTR,90,wood,30.4,29.9
1,9,2,30,23559,0,0,0.4,50,Blue,0,10,10,0,0,HTR,90,wood,30.4,29.9
1,9,3,30,24627,0,0,0.4,50,Blue,0,10,10,0,0,HTR,90,wood,30.4,29.9
1,9,4,30,25695,0,0,0.4,50,Blue,0,10,10,0,0,HTR,90,wood,30.4,29.9
1,9,5,30,26763,0,0,0.4,50,Blue,0,10,10,0,0,HTR,90,wood,30.4,29.9
1,9,6,30,27830,0,0,0.4,50,Blue,0,10,10,0,0,HTR,90,wood,30.4,29.9
1,9,7,30,28898,0,0,0.4,50,Blue,0,10,10,0,0,HTR,90,wood,30.4,29.9
1,9,8,30,29966,0,0,0.4,50,Blue,0,10,10,0,0,HTR,90,wood,30.4,29.9
1,9,9,30,31034,0,0,0.4,50,Blue,0,10,10,0,0,HTR,90,wood,30.4,29.9
1,9,10,30,32102,0,0,0.4,50,Blue,0,10,10,0,0,HTR,90,wood,30.4,29.9
1,9,1,25,33170,0,0,0.4,50,Blue,0,10,10,0,0,HTR,90,wood,30.4,29.9
1,9,2,25,34237,0,0,0.4,50,Blue,0,10,10,0,0,HTR,90,wood,30.4,29.9
1,9,3,25,35305,0,0,0.4,50,Blue,0,10,10,0,0,HTR,90,wood,30.4,29.9
1,9,4,25,36373,0,0,0.4,50,Blue,0,10,10,0,0,HTR,90,wood,30.4,29.9
1,9,5,25,37441,0,0,0.4,50,Blue,0,10,10,0,0,HTR,90,wood,30.4,29.9
1,9,6,25,38509,0,0,0.4,50,Blue,0,10,10,0,0,HTR,90,wood,30.4,29.9
1,9,7,25,39577,0,0,0.4,50,Blue,0,10,10,0,0,HTR,90,wood,30.4,29.9
1,9,8,25,40644,0,0,0.4,50,Blue,0,10,10,0,0,HTR,90,wood,30.4,29.9
1,9,9,25,41712,0,0,0.4,50,Blue,0,10,10,0,0,HTR,90,wood,30.4,29.9
1,9,10,25,42780,0,0,0.4,50,Blue,0,10,10,0,0,HTR,90,wood,30.4,29.9
1,9,1,20,43848,0,0,0.4,50,Blue,0,10,10,0,0,HTR,90,wood,30.4,29.9
1,9,2,20,44916,0,0,0.4,50,Blue,0,10,10,0,0,HTR,90,wood,30.4,29.9
1,9,3,20,45984,0,0,0.4,50,Blue,0,10,10,0,0,HTR,90,wood,30.4,29.9
1,9,4,20,47052,0,0,0.4,50,Blue,0,10,10,0,0,HTR,90,wood,30.4,29.9
1,9,5,20,48119,0,0,0.4,50,Blue,0,10,10,0,0,HTR,90,wood,30.4,29.9
1,9,6,20,49187,0,0,0.4,50,Blue,0,10,10,0,0,HTR,90,wood,30.4,29.9
1,9,7,20,50255,0,0,0.4,50,Blue,0,10,10,0,0,HTR,90,wood,30.4,29.9
1,9,8,20,51323,0,0,0.4,50,Blue,0,10,10,0,0,HTR,90,wood,30.4,29.9
1,9,9,20,52391,0,0,0.4,50,Blue,0,10,10,0,0,HTR,90,wood,30.4,29.9
1,9,10,20,53459,0,0,0.4,50,Blue,0,10,10,0,0,HTR,90,wood,30.4,29.9
1,9,1,15,54526,0,0,0.4,50,Blue,0,10,10,0,0,HTR,90,wood,30.4,29.9
1,9,2,15,55595,0,0,0.4,50,Blue,0,10,10,0,0,HTR,90,wood,30.4,29.9
1,9,3,15,56663,0,0,0.4,50,Blue,0,10,10,0,0,HTR,90,wood,30.4,29.9
1,9,4,15,57731,0,0,0.4,50,Blue,0,10,10,0,0,HTR,90,wood,30.4,29.9
1,9,5,15,58799,0,0,0.4,50,Blue,0,10,10,0,0,HTR,90,wood,30.4,29.9
1,9,6,15,59867,0,0,0.4,50,Blue,0,10,10,0,0,HTR,90,wood,30.4,29.9
1,9,7,15,60934,0,0,0.4,50,Blue,0,10,10,0,0,HTR,90,wood,30.4,29.9
1,9,8,15,62002,0,0,0.4,50,Blue,0,10,10,0,0,HTR,90,wood,30.4,29.9
1,9,9,15,63070,0,0,0.4,50,Blue,0,10,10,0,0,HTR,90,wood,30.4,29.9
1,9,10,15,64138,0,0,0.4,50,Blue,0,10,10,0,0,HTR,90,wood,30.4,29.9
1,9,1,10,65206,0,0,0.4,50,Blue,0,10,10,0,0,HTR,90,wood,30.4,29.9
1,9,2,10,66274,0,0,0.4,50,Blue,0,10,10,0,0,HTR,90,wood,30.4,29.9
1,9,3,10,67341,0,0,0.4,50,Blue,0,10,10,0,0,HTR,90,wood,30.4,29.9
1,9,4,10,68409,0,0,0.4,50,Blue,0,10,10,0,0,HTR,90,wood,30.4,29.9
1,9,5,10,69477,0,0,0.4,50,Blue,0,10,10,0,0,HTR,90,wood,30.4,29.9
1,9,6,10,70545,0,0,0.4,50,Blue,0,10,10,0,0,HTR,90,wood,30.4,29.9
1,9,7,10,71613,0,0,0.4,50,Blue,0,10,10,0,0,HTR,90,wood,30.4,29.9
1,9,8,10,72681,0,0,0.4,50,Blue,0,10,10,0,0,HTR,90,wood,30.4,29.9
1,9,9,10,73748,0,0,0.4,50,Blue,0,10,10,0,0,HTR,90,wood,30.4,29.9
1,9,10,10,74816,0,0,0.4,50,Blue,0,10,10,0,0,HTR,90,wood,30.4,29.9
1,9,1,5,75884,0,0,0.4,50,Blue,0,10,10,0,0,HTR,90,wood,30.4,29.9
1,9,2,5,76952,0,0,0.4,50,Blue,0,10,10,0,0,HTR,90,wood,30.4,29.9
1,9,3,5,78020,0,0,0.4,50,Blue,0,10,10,0,0,HTR,90,wood,30.4,29.9
1,9,4,5,79088,0,0,0.4,50,Blue,0,10,10,0,0,HTR,90,wood,30.4,29.9
1,9,5,5,80155,0,0,0.4,50,Blue,0,10,10,0,0,HTR,90,wood,30.4,29.9
1,9,6,5,81223,0,0,0.4,50,Blue,0,10,10,0,0,HTR,90,wood,30.4,29.9
1,9,7,5,82291,0,0,0.4,50,Blue,0,10,10,0,0,HTR,90,wood,30.4,29.9
1,9,8,5,83359,0,0,0.4,50,Blue,0,10,10,0,0,HTR,90,wood,30.4,29.9
1,9,9,5,84427,0,0,0.4,50,Blue,0,10,10,0,0,HTR,90,wood,30.4,29.9
1,9,10,5,85495,0,0,0.4,50,Blue,0,10,10,0,0,HTR,90,wood,30.4,29.9
1,9,1,0,86563,0,0,0.4,50,Blue,0,10,10,0,0,HTR,90,wood,30.4,29.9
1,9,2,0,87630,0,0,0.4,50,Blue,0,10,10,0,0,HTR,90,wood,30.4,29.9
1,9,3,0,88698,0,0,0.4,50,Blue,0,10,10,0,0,HTR,90,wood,30.4,29.9
1,9,4,0,89766,0,0,0.4,50,Blue,0,10,10,0,0,HTR,90,wood,30.4,29.9
1,9,5,0,90834,0,0,0.4,50,Blue,0,10,10,0,0,HTR,90,wood,30.4,29.9
1,9,6,0,91902,0,0,0.4,50,Blue,0,10,10,0,0,HTR,90,wood,30.4,29.9
1,9,7,0,92971,0,0,0.4,50,Blue,0,10,10,0,0,HTR,90,wood,30.4,29.9
1,9,8,0,94038,0,0,0.4,50,Blue,0,10,10,0,0,HTR,90,wood,30.4,29.9
1,9,9,0,95106,0,0,0.4,50,Blue,0,10,10,0,0,HTR,90,wood,30.4,29.9
1,9,10,0,96174,0,0,0.4,50,Blue,0,10,10,0,0,HTR,90,wood,30.4,29.9
1,10,1,40,4286,39,2259,0.4,50,Green,0,10,10,0,0,HTR,90,wood,30.4,29.9
1,10,2,40,5342,40,2287,0.4,50,Green,0,10,10,0,0,HTR,90,wood,30.4,29.9
1,10,3,40,6396,39,2279,0.4,50,Green,0,10,10,0,0,HTR,90,wood,30.4,29.9
1,10,4,40,7452,39,2279,0.4,50,Green,0,10,10,0,0,HTR,90,wood,30.4,29.9
1,10,5,40,8508,39,2279,0.4,50,Green,0,10,10,0,0,HTR,90,wood,30.4,29.9
1,10,6,40,9563,39,2279,0.4,50,Green,0,10,10,0,0,HTR,90,wood,30.4,29.9
1,10,7,40,10618,40,2283,0.4,50,Green,0,10,10,0,0,HTR,90,wood,30.4,29.9
1,10,8,40,11673,40,2283,0.4,50,Green,0,10,10,0,0,HTR,90,wood,30.4,29.9
1,10,9,40,12729,39,2247,0.4,50,Green,0,10,10,0,0,HTR,90,wood,30.4,29.9
1,10,10,40,13784,39,2279,0.4,50,Green,0,10,10,0,0,HTR,90,wood,30.4,29.9
1,10,1,35,16950,35,2003,0.4,50,Green,0,10,10,0,0,HTR,90,wood,30.4,29.9
1,10,2,35,18004,34,1975,0.4,50,Green,0,10,10,0,0,HTR,90,wood,30.4,29.9
1,10,3,35,19059,34,1971,0.4,50,Green,0,10,10,0,0,HTR,90,wood,30.4,29.9
1,10,4,35,20114,34,1975,0.4,50,Green,0,10,10,0,0,HTR,90,wood,30.4,29.9
1,10,5,35,21170,34,1975,0.4,50,Green,0,10,10,0,0,HTR,90,wood,30.4,29.9
1,10,6,35,22224,34,1975,0.4,50,Green,0,10,10,0,0,HTR,90,wood,30.4,29.9
1,10,7,35,23279,34,1975,0.4,50,Green,0,10,10,0,0,HTR,90,wood,30.4,29.9
1,10,8,35,24334,34,1971,0.4,50,Green,0,10,10,0,0,HTR,90,wood,30.4,29.9
1,10,9,35,25390,34,1971,0.4,50,Green,0,10,10,0,0,HTR,90,wood,30.4,29.9
1,10,10,35,26444,34,1827,0.4,50,Green,0,10,10,0,0,HTR,90,wood,30.4,29.9
1,10,1,30,27499,30,1723,0.4,50,Green,0,10,10,0,0,HTR,90,wood,30.4,29.9
1,10,2,30,28554,29,1691,0.4,50,Green,0,10,10,0,0,HTR,90,wood,30.4,29.9
1,10,3,30,29608,30,1719,0.4,50,Green,0,10,10,0,0,HTR,90,wood,30.4,29.9
1,10,4,30,30663,30,1715,0.4,50,Green,0,10,10,0,0,HTR,90,wood,30.4,29.9
1,10,5,30,31718,30,1715,0.4,50,Green,0,10,10,0,0,HTR,90,wood,30.4,29.9
1,10,6,30,32773,30,1715,0.4,50,Green,0,10,10,0,0,HTR,90,wood,30.4,29.9
1,10,7,30,33827,29,1691,0.4,50,Green,0,10,10,0,0,HTR,90,wood,30.4,29.9
1,10,8,30,34882,29,1691,0.4,50,Green,0,10,10,0,0,HTR,90,wood,30.4,29.9
1,10,9,30,35937,29,1687,0.4,50,Green,0,10,10,0,0,HTR,90,wood,30.4,29.9
1,10,10,30,36992,29,1691,0.4,50,Green,0,10,10,0,0,HTR,90,wood,30.4,29.9
1,10,1,25,40156,25,1443,0.4,50,Green,0,10,10,0,0,HTR,90,wood,30.4,29.9
1,10,2,25,41210,24,1419,0.4,50,Green,0,10,10,0,0,HTR,90,wood,30.4,29.9
1,10,3,25,42264,24,1423,0.4,50,Green,0,10,10,0,0,HTR,90,wood,30.4,29.9
1,10,4,25,43319,24,1395,0.4,50,Green,0,10,10,0,0,HTR,90,wood,30.4,29.9
1,10,5,25,44374,24,1395,0.4,50,Green,0,10,10,0,0,HTR,90,wood,30.4,29.9
1,10,6,25,45427,24,1395,0.4,50,Green,0,10,10,0,0,HTR,90,wood,30.4,29.9
1,10,7,25,46482,24,1395,0.4,50,Green,0,10,10,0,0,HTR,90,wood,30.4,29.9
1,10,8,25,47537,24,1395,0.4,50,Green,0,10,10,0,0,HTR,90,wood,30.4,29.9
1,10,9,25,48591,24,1399,0.4,50,Green,0,10,10,0,0,HTR,90,wood,30.4,29.9
1,10,10,25,49645,24,1395,0.4,50,Green,0,10,10,0,0,HTR,90,wood,30.4,29.9
1,10,1,20,51753,19,1131,0.4,50,Green,0,10,10,0,0,HTR,90,wood,30.4,29.9
1,10,2,20,52808,19,1131,0.4,50,Green,0,10,10,0,0,HTR,90,wood,30.4,29.9
1,10,3,20,53862,19,1135,0.4,50,Green,0,10,10,0,0,HTR,90,wood,30.4,29.9
1,10,4,20,54917,19,1131,0.4,50,Green,0,10,10,0,0,HTR,90,wood,30.4,29.9
1,10,5,20,55970,19,1131,0.4,50,Green,0,10,10,0,0,HTR,90,wood,30.4,29.9
1,10,6,20,57025,19,1135,0.4,50,Green,0,10,10,0,0,HTR,90,wood,30.4,29.9
1,10,7,20,58079,19,1131,0.4,50,Green,0,10,10,0,0,HTR,90,wood,30.4,29.9
1,10,8,20,59133,19,1131,0.4,50,Green,0,10,10,0,0,HTR,90,wood,30.4,29.9
1,10,9,20,60187,19,1111,0.4,50,Green,0,10,10,0,0,HTR,90,wood,30.4,29.9
1,10,10,20,61241,19,1111,0.4,50,Green,0,10,10,0,0,HTR,90,wood,30.4,29.9
1,10,1,15,63349,15,863,0.4,50,Green,0,10,10,0,0,HTR,90,wood,30.4,29.9
1,10,2,15,64403,15,855,0.4,50,Green,0,10,10,0,0,HTR,90,wood,30.4,29.9
1,10,3,15,65457,15,859,0.4,50,Green,0,10,10,0,0,HTR,90,wood,30.4,29.9
1,10,4,15,66510,15,855,0.4,50,Green,0,10,10,0,0,HTR,90,wood,30.4,29.9
1,10,5,15,67565,15,859,0.4,50,Green,0,10,10,0,0,HTR,90,wood,30.4,29.9
1,10,6,15,68619,15,859,0.4,50,Green,0,10,10,0,0,HTR,90,wood,30.4,29.9
1,10,7,15,69672,15,855,0.4,50,Green,0,10,10,0,0,HTR,90,wood,30.4,29.9
1,10,8,15,70726,15,859,0.4,50,Green,0,10,10,0,0,HTR,90,wood,30.4,29.9
1,10,9,15,71780,15,859,0.4,50,Green,0,10,10,0,0,HTR,90,wood,30.4,29.9
1,10,10,15,72834,15,859,0.4,50,Green,0,10,10,0,0,HTR,90,wood,30.4,29.9
1,10,1,10,75995,9,563,0.4,50,Green,0,10,10,0,0,HTR,90,wood,30.4,29.9
1,10,2,10,77048,9,567,0.4,50,Green,0,10,10,0,0,HTR,90,wood,30.4,29.9
1,10,3,10,78102,9,567,0.4,50,Green,0,10,10,0,0,HTR,90,wood,30.4,29.9
1,10,4,10,79156,10,591,0.4,50,Green,0,10,10,0,0,HTR,90,wood,30.4,29.9
1,10,5,10,80209,10,591,0.4,50,Green,0,10,10,0,0,HTR,90,wood,30.4,29.9
1,10,6,10,81263,10,591,0.4,50,Green,0,10,10,0,0,HTR,90,wood,30.4,29.9
1,10,7,10,82316,10,591,0.4,50,Green,0,10,10,0,0,HTR,90,wood,30.4,29.9
1,10,8,10,83369,10,591,0.4,50,Green,0,10,10,0,0,HTR,90,wood,30.4,29.9
1,10,9,10,84423,10,583,0.4,50,Green,0,10,10,0,0,HTR,90,wood,30.4,29.9
1,10,10,10,85477,10,587,0.4,50,Green,0,10,10,0,0,HTR,90,wood,30.4,29.9
1,10,1,5,89691,5,323,0.4,50,Green,0,10,10,0,0,HTR,90,wood,30.4,29.9
1,10,2,5,90744,4,255,0.4,50,Green,0,10,10,0,0,HTR,90,wood,30.4,29.9
1,10,3,5,91797,4,283,0.4,50,Green,0,10,10,0,0,HTR,90,wood,30.4,29.9
1,10,4,5,92851,4,283,0.4,50,Green,0,10,10,0,0,HTR,90,wood,30.4,29.9
1,10,5,5,93904,5,287,0.4,50,Green,0,10,10,0,0,HTR,90,wood,30.4,29.9
1,10,6,5,94957,5,311,0.4,50,Green,0,10,10,0,0,HTR,90,wood,30.4,29.9
1,10,7,5,96011,5,311,0.4,50,Green,0,10,10,0,0,HTR,90,wood,30.4,29.9
1,10,8,5,97063,4,283,0.4,50,Green,0,10,10,0,0,HTR,90,wood,30.4,29.9
1,10,9,5,98117,5,287,0.4,50,Green,0,10,10,0,0,HTR,90,wood,30.4,29.9
1,10,10,5,99170,4,283,0.4,50,Green,0,10,10,0,0,HTR,90,wood,30.4,29.9
1,10,1,0,107596,7,427,0.4,50,Green,0,10,10,0,0,HTR,90,wood,30.4,29.9
1,10,2,0,108650,7,403,0.4,50,Green,0,10,10,0,0,HTR,90,wood,30.4,29.9
1,10,3,0,109703,7,407,0.4,50,Green,0,10,10,0,0,HTR,90,wood,30.4,29.9
1,10,4,0,110756,7,431,0.4,50,Green,0,10,10,0,0,HTR,90,wood,30.4,29.9
1,10,5,0,111810,6,351,0.4,50,Green,0,10,10,0,0,HTR,90,wood,30.4,29.9
1,10,6,0,112864,6,379,0.4,50,Green,0,10,10,0,0,HTR,90,wood,30.4,29.9
1,10,7,0,113916,6,379,0.4,50,Green,0,10,10,0,0,HTR,90,wood,30.4,29.9
1,10,8,0,114970,6,379,0.4,50,Green,0,10,10,0,0,HTR,90,wood,30.4,29.9
1,10,9,0,116024,7,399,0.4,50,Green,0,10,10,0,0,HTR,90,wood,30.4,29.9
1,10,10,0,117076,7,427,0.4,50,Green,0,10,10,0,0,HTR,90,wood,30.4,29.9
1,11,1,40,1108,40,2295,0.4,50,Blue,0,10,10,0,0,HTR,90,wood,30.4,29.9
1,11,2,40,2164,39,2275,0.4,50,Blue,0,10,10,0,0,HTR,90,wood,30.4,29.9
1,11,3,40,3219,40,2323,0.4,50,Blue,0,10,10,0,0,HTR,90,wood,30.4,29.9
1,11,4,40,4275,40,2323,0.4,50,Blue,0,10,10,0,0,HTR,90,wood,30.4,29.9
1,11,5,40,5329,40,2299,0.4,50,Blue,0,10,10,0,0,HTR,90,wood,30.4,29.9
1,11,6,40,6385,40,2299,0.4,50,Blue,0,10,10,0,0,HTR,90,wood,30.4,29.9
1,11,7,40,7441,40,2299,0.4,50,Blue,0,10,10,0,0,HTR,90,wood,30.4,29.9
1,11,8,40,8496,40,2295,0.4,50,Blue,0,10,10,0,0,HTR,90,wood,30.4,29.9
1,11,9,40,9551,40,2323,0.4,50,Blue,0,10,10,0,0,HTR,90,wood,30.4,29.9
1,11,10,40,10606,40,2323,0.4,50,Blue,0,10,10,0,0,HTR,90,wood,30.4,29.9
1,11,1,35,13772,35,2031,0.4,50,Blue,0,10,10,0,0,HTR,90,wood,30.4,29.9
1,11,2,35,14827,35,2027,0.4,50,Blue,0,10,10,0,0,HTR,90,wood,30.4,29.9
1,11,3,35,15882,35,2023,0.4,50,Blue,0,10,10,0,0,HTR,90,wood,30.4,29.9
1,11,4,35,16937,35,2027,0.4,50,Blue,0,10,10,0,0,HTR,90,wood,30.4,29.9
1,11,5,35,17992,35,2051,0.4,50,Blue,0,10,10,0,0,HTR,90,wood,30.4,29.9
1,11,6,35,19047,35,2027,0.4,50,Blue,0,10,10,0,0,HTR,90,wood,30.4,29.9
1,11,7,35,20103,35,2027,0.4,50,Blue,0,10,10,0,0,HTR,90,wood,30.4,29.9
1,11,8,35,21157,35,2027,0.4,50,Blue,0,10,10,0,0,HTR,90,wood,30.4,29.9
1,11,9,35,22212,35,2027,0.4,50,Blue,0,10,10,0,0,HTR,90,wood,30.4,29.9
1,11,10,35,23268,35,2027,0.4,50,Blue,0,10,10,0,0,HTR,90,wood,30.4,29.9
1,11,1,30,26432,30,1755,0.4,50,Blue,0,10,10,0,0,HTR,90,wood,30.4,29.9
1,11,2,30,27487,30,1735,0.4,50,Blue,0,10,10,0,0,HTR,90,wood,30.4,29.9
1,11,3,30,28541,30,1763,0.4,50,Blue,0,10,10,0,0,HTR,90,wood,30.4,29.9
1,11,4,30,29596,30,1763,0.4,50,Blue,0,10,10,0,0,HTR,90,wood,30.4,29.9
1,11,5,30,30651,30,1763,0.4,50,Blue,0,10,10,0,0,HTR,90,wood,30.4,29.9
1,11,6,30,31706,30,1763,0.4,50,Blue,0,10,10,0,0,HTR,90,wood,30.4,29.9
1,11,7,30,32761,30,1755,0.4,50,Blue,0,10,10,0,0,HTR,90,wood,30.4,29.9
1,11,8,30,33816,30,1735,0.4,50,Blue,0,10,10,0,0,HTR,90,wood,30.4,29.9
1,11,9,30,34871,30,1731,0.4,50,Blue,0,10,10,0,0,HTR,90,wood,30.4,29.9
1,11,10,30,35926,30,1735,0.4,50,Blue,0,10,10,0,0,HTR,90,wood,30.4,29.9
1,11,1,25,41198,25,1475,0.4,50,Blue,0,10,10,0,0,HTR,90,wood,30.4,29.9
1,11,2,25,42253,25,1475,0.4,50,Blue,0,10,10,0,0,HTR,90,wood,30.4,29.9
1,11,3,25,43308,25,1479,0.4,50,Blue,0,10,10,0,0,HTR,90,wood,30.4,29.9
1,11,4,25,44362,25,1475,0.4,50,Blue,0,10,10,0,0,HTR,90,wood,30.4,29.9
1,11,5,25,45417,25,1475,0.4,50,Blue,0,10,10,0,0,HTR,90,wood,30.4,29.9
1,11,6,25,46471,25,1447,0.4,50,Blue,0,10,10,0,0,HTR,90,wood,30.4,29.9
1,11,7,25,47525,25,1451,0.4,50,Blue,0,10,10,0,0,HTR,90,wood,30.4,29.9
1,11,8,25,48580,25,1443,0.4,50,Blue,0,10,10,0,0,HTR,90,wood,30.4,29.9
1,11,9,25,49635,25,1475,0.4,50,Blue,0,10,10,0,0,HTR,90,wood,30.4,29.9
1,11,10,25,50689,25,1451,0.4,50,Blue,0,10,10,0,0,HTR,90,wood,30.4,29.9
1,11,1,20,54906,20,1167,0.4,50,Blue,0,10,10,0,0,HTR,90,wood,30.4,29.9
1,11,2,20,55961,21,1203,0.4,50,Blue,0,10,10,0,0,HTR,90,wood,30.4,29.9
1,11,3,20,57015,20,1171,0.4,50,Blue,0,10,10,0,0,HTR,90,wood,30.4,29.9
1,11,4,20,58070,20,1151,0.4,50,Blue,0,10,10,0,0,HTR,90,wood,30.4,29.9
1,11,5,20,59123,20,1147,0.4,50,Blue,0,10,10,0,0,HTR,90,wood,30.4,29.9
1,11,6,20,60178,20,1151,0.4,50,Blue,0,10,10,0,0,HTR,90,wood,30.4,29.9
1,11,7,20,61232,20,1147,0.4,50,Blue,0,10,10,0,0,HTR,90,wood,30.4,29.9
1,11,8,20,62286,20,1151,0.4,50,Blue,0,10,10,0,0,HTR,90,wood,30.4,29.9
1,11,9,20,63340,20,1147,0.4,50,Blue,0,10,10,0,0,HTR,90,wood,30.4,29.9
1,11,10,20,64395,20,1151,0.4,50,Blue,0,10,10,0,0,HTR,90,wood,30.4,29.9
1,11,1,15,71773,15,891,0.4,50,Blue,0,10,10,0,0,HTR,90,wood,30.4,29.9
1,11,2,15,72827,15,879,0.4,50,Blue,0,10,10,0,0,HTR,90,wood,30.4,29.9
1,11,3,15,73881,15,855,0.4,50,Blue,0,10,10,0,0,HTR,90,wood,30.4,29.9
1,11,4,15,74935,15,855,0.4,50,Blue,0,10,10,0,0,HTR,90,wood,30.4,29.9
1,11,5,15,75988,15,855,0.4,50,Blue,0,10,10,0,0,HTR,90,wood,30.4,29.9
1,11,6,15,77042,14,851,0.4,50,Blue,0,10,10,0,0,HTR,90,wood,30.4,29.9
1,11,7,15,78096,14,851,0.4,50,Blue,0,10,10,0,0,HTR,90,wood,30.4,29.9
1,11,8,15,79150,15,883,0.4,50,Blue,0,10,10,0,0,HTR,90,wood,30.4,29.9
1,11,9,15,80204,15,855,0.4,50,Blue,0,10,10,0,0,HTR,90,wood,30.4,29.9
1,11,10,15,81258,15,855,0.4,50,Blue,0,10,10,0,0,HTR,90,wood,30.4,29.9
1,11,1,10,86526,10,579,0.4,50,Blue,0,10,10,0,0,HTR,90,wood,30.4,29.9
1,11,2,10,87580,9,551,0.4,50,Blue,0,10,10,0,0,HTR,90,wood,30.4,29.9
1,11,3,10,88633,9,551,0.4,50,Blue,0,10,10,0,0,HTR,90,wood,30.4,29.9
1,11,4,10,89687,9,555,0.4,50,Blue,0,10,10,0,0,HTR,90,wood,30.4,29.9
1,11,5,10,90740,10,575,0.4,50,Blue,0,10,10,0,0,HTR,90,wood,30.4,29.9
1,11,6,10,91794,10,571,0.4,50,Blue,0,10,10,0,0,HTR,90,wood,30.4,29.9
1,11,7,10,92848,10,587,0.4,50,Blue,0,10,10,0,0,HTR,90,wood,30.4,29.9
1,11,8,10,93901,9,567,0.4,50,Blue,0,10,10,0,0,HTR,90,wood,30.4,29.9
1,11,9,10,94954,9,563,0.4,50,Blue,0,10,10,0,0,HTR,90,wood,30.4,29.9
1,11,10,10,96008,9,563,0.4,50,Blue,0,10,10,0,0,HTR,90,wood,30.4,29.9
1,11,1,5,104435,7,407,0.4,50,Blue,0,10,10,0,0,HTR,90,wood,30.4,29.9
1,11,2,5,105489,7,411,0.4,50,Blue,0,10,10,0,0,HTR,90,wood,30.4,29.9
1,11,3,5,106543,7,411,0.4,50,Blue,0,10,10,0,0,HTR,90,wood,30.4,29.9
1,11,4,5,107596,7,407,0.4,50,Blue,0,10,10,0,0,HTR,90,wood,30.4,29.9
1,11,5,5,108649,6,383,0.4,50,Blue,0,10,10,0,0,HTR,90,wood,30.4,29.9
1,11,6,5,109703,6,351,0.4,50,Blue,0,10,10,0,0,HTR,90,wood,30.4,29.9
1,11,7,5,110755,6,351,0.4,50,Blue,0,10,10,0,0,HTR,90,wood,30.4,29.9
1,11,8,5,111809,6,379,0.4,50,Blue,0,10,10,0,0,HTR,90,wood,30.4,29.9
1,11,9,5,112863,6,375,0.4,50,Blue,0,10,10,0,0,HTR,90,wood,30.4,29.9
1,11,10,5,113916,6,383,0.4,50,Blue,0,10,10,0,0,HTR,90,wood,30.4,29.9
1,11,1,0,118140,0,0,0.4,50,Blue,0,10,10,0,0,HTR,90,wood,30.4,29.9
1,11,2,0,119204,0,0,0.4,50,Blue,0,10,10,0,0,HTR,90,wood,30.4,29.9
1,11,3,0,120269,0,0,0.4,50,Blue,0,10,10,0,0,HTR,90,wood,30.4,29.9
1,11,4,0,121333,0,0,0.4,50,Blue,0,10,10,0,0,HTR,90,wood,30.4,29.9
1,11,5,0,122398,0,0,0.4,50,Blue,0,10,10,0,0,HTR,90,wood,30.4,29.9
1,11,6,0,123451,6,371,0.4,50,Blue,0,10,10,0,0,HTR,90,wood,30.4,29.9
1,11,7,0,124505,6,347,0.4,50,Blue,0,10,10,0,0,HTR,90,wood,30.4,29.9
1,11,8,0,125557,6,343,0.4,50,Blue,0,10,10,0,0,HTR,90,wood,30.4,29.9
1,11,9,0,126611,6,351,0.4,50,Blue,0,10,10,0,0,HTR,90,wood,30.4,29.9
1,11,10,0,127665,6,351,0.4,50,Blue,0,10,10,0,0,HTR,90,wood,30.4,29.9
1,12,1,40,75266,39,2267,0.4,50,Green,0,10,10,0,0,HTR,90,wood,30.4,29.9
1,12,2,40,76321,39,2263,0.4,50,Green,0,10,10,0,0,HTR,90,wood,30.4,29.9
1,12,3,40,77376,39,2243,0.4,50,Green,0,10,10,0,0,HTR,90,wood,30.4,29.9
1,12,4,40,78432,39,2267,0.4,50,Green,0,10,10,0,0,HTR,90,wood,30.4,29.9
1,12,5,40,79488,39,2271,0.4,50,Green,0,10,10,0,0,HTR,90,wood,30.4,29.9
1,12,6,40,80542,39,2271,0.4,50,Green,0,10,10,0,0,HTR,90,wood,30.4,29.9
1,12,7,40,81598,39,2267,0.4,50,Green,0,10,10,0,0,HTR,90,wood,30.4,29.9
1,12,8,40,82653,39,2267,0.4,50,Green,0,10,10,0,0,HTR,90,wood,30.4,29.9
1,12,9,40,83708,39,2271,0.4,50,Green,0,10,10,0,0,HTR,90,wood,30.4,29.9
1,12,10,40,84763,39,2271,0.4,50,Green,0,10,10,0,0,HTR,90,wood,30.4,29.9
1,12,1,35,88984,34,1991,0.4,50,Green,0,10,10,0,0,HTR,90,wood,30.4,29.9
1,12,2,35,90040,35,2011,0.4,50,Green,0,10,10,0,0,HTR,90,wood,30.4,29.9
1,12,3,35,91095,34,1991,0.4,50,Green,0,10,10,0,0,HTR,90,wood,30.4,29.9
1,12,4,35,92149,34,1991,0.4,50,Green,0,10,10,0,0,HTR,90,wood,30.4,29.9
1,12,5,35,93204,34,1991,0.4,50,Green,0,10,10,0,0,HTR,90,wood,30.4,29.9
1,12,6,35,94260,34,1991,0.4,50,Green,0,10,10,0,0,HTR,90,wood,30.4,29.9
1,12,7,35,95314,34,1991,0.4,50,Green,0,10,10,0,0,HTR,90,wood,30.4,29.9
1,12,8,35,96369,34,1991,0.4,50,Green,0,10,10,0,0,HTR,90,wood,30.4,29.9
1,12,9,35,97425,34,1991,0.4,50,Green,0,10,10,0,0,HTR,90,wood,30.4,29.9
1,12,10,35,98480,34,1991,0.4,50,Green,0,10,10,0,0,HTR,90,wood,30.4,29.9
1,12,1,30,105865,29,1667,0.4,50,Green,0,10,10,0,0,HTR,90,wood,30.4,29.9
1,12,2,30,106919,29,1691,0.4,50,Green,0,10,10,0,0,HTR,90,wood,30.4,29.9
1,12,3,30,107974,29,1687,0.4,50,Green,0,10,10,0,0,HTR,90,wood,30.4,29.9
1,12,4,30,109029,29,1667,0.4,50,Green,0,10,10,0,0,HTR,90,wood,30.4,29.9
1,12,5,30,110084,29,1699,0.4,50,Green,0,10,10,0,0,HTR,90,wood,30.4,29.9
1,12,6,30,111138,29,1699,0.4,50,Green,0,10,10,0,0,HTR,90,wood,30.4,29.9
1,12,7,30,112193,29,1675,0.4,50,Green,0,10,10,0,0,HTR,90,wood,30.4,29.9
1,12,8,30,113248,29,1675,0.4,50,Green,0,10,10,0,0,HTR,90,wood,30.4,29.9
1,12,9,30,114302,29,1699,0.4,50,Green,0,10,10,0,0,HTR,90,wood,30.4,29.9
1,12,10,30,115357,29,1675,0.4,50,Green,0,10,10,0,0,HTR,90,wood,30.4,29.9
1,12,1,25,120631,24,1419,0.4,50,Green,0,10,10,0,0,HTR,90,wood,30.4,29.9
1,12,2,25,121686,24,1415,0.4,50,Green,0,10,10,0,0,HTR,90,wood,30.4,29.9
1,12,3,25,122739,24,1415,0.4,50,Green,0,10,10,0,0,HTR,90,wood,30.4,29.9
1,12,4,25,123794,24,1419,0.4,50,Green,0,10,10,0,0,HTR,90,wood,30.4,29.9
1,12,5,25,124849,24,1411,0.4,50,Green,0,10,10,0,0,HTR,90,wood,30.4,29.9
1,12,6,25,125903,24,1419,0.4,50,Green,0,10,10,0,0,HTR,90,wood,30.4,29.9
1,12,7,25,126958,24,1419,0.4,50,Green,0,10,10,0,0,HTR,90,wood,30.4,29.9
1,12,8,25,128012,24,1419,0.4,50,Green,0,10,10,0,0,HTR,90,wood,30.4,29.9
1,12,9,25,129067,24,1419,0.4,50,Green,0,10,10,0,0,HTR,90,wood,30.4,29.9
1,12,10,25,130121,24,1415,0.4,50,Green,0,10,10,0,0,HTR,90,wood,30.4,29.9
1,12,1,20,134339,19,1115,0.4,50,Green,0,10,10,0,0,HTR,90,wood,30.4,29.9
1,12,2,20,135393,19,1107,0.4,50,Green,0,10,10,0,0,HTR,90,wood,30.4,29.9
1,12,3,20,136448,19,1111,0.4,50,Green,0,10,10,0,0,HTR,90,wood,30.4,29.9
1,12,4,20,137501,19,1107,0.4,50,Green,0,10,10,0,0,HTR,90,wood,30.4,29.9
1,12,5,20,138556,19,1107,0.4,50,Green,0,10,10,0,0,HTR,90,wood,30.4,29.9
1,12,6,20,139610,19,1107,0.4,50,Green,0,10,10,0,0,HTR,90,wood,30.4,29.9
1,12,7,20,140664,19,1107,0.4,50,Green,0,10,10,0,0,HTR,90,wood,30.4,29.9
1,12,8,20,141718,19,1107,0.4,50,Green,0,10,10,0,0,HTR,90,wood,30.4,29.9
1,12,9,20,142772,19,1107,0.4,50,Green,0,10,10,0,0,HTR,90,wood,30.4,29.9
1,12,10,20,143826,19,1107,0.4,50,Green,0,10,10,0,0,HTR,90,wood,30.4,29.9
1,12,1,15,146989,14,851,0.4,50,Green,0,10,10,0,0,HTR,90,wood,30.4,29.9
1,12,2,15,148042,14,815,0.4,50,Green,0,10,10,0,0,HTR,90,wood,30.4,29.9
1,12,3,15,149096,14,815,0.4,50,Green,0,10,10,0,0,HTR,90,wood,30.4,29.9
1,12,4,15,150150,14,811,0.4,50,Green,0,10,10,0,0,HTR,90,wood,30.4,29.9
1,12,5,15,151204,14,811,0.4,50,Green,0,10,10,0,0,HTR,90,wood,30.4,29.9
1,12,6,15,152258,14,811,0.4,50,Green,0,10,10,0,0,HTR,90,wood,30.4,29.9
1,12,7,15,153312,14,815,0.4,50,Green,0,10,10,0,0,HTR,90,wood,30.4,29.9
1,12,8,15,154365,14,815,0.4,50,Green,0,10,10,0,0,HTR,90,wood,30.4,29.9
1,12,9,15,155419,14,839,0.4,50,Green,0,10,10,0,0,HTR,90,wood,30.4,29.9
1,12,10,15,156473,14,839,0.4,50,Green,0,10,10,0,0,HTR,90,wood,30.4,29.9
1,12,1,10,159634,9,547,0.4,50,Green,0,10,10,0,0,HTR,90,wood,30.4,29.9
1,12,2,10,160688,10,571,0.4,50,Green,0,10,10,0,0,HTR,90,wood,30.4,29.9
1,12,3,10,161741,10,571,0.4,50,Green,0,10,10,0,0,HTR,90,wood,30.4,29.9
1,12,4,10,162795,10,575,0.4,50,Green,0,10,10,0,0,HTR,90,wood,30.4,29.9
1,12,5,10,163849,9,543,0.4,50,Green,0,10,10,0,0,HTR,90,wood,30.4,29.9
1,12,6,10,164902,9,543,0.4,50,Green,0,10,10,0,0,HTR,90,wood,30.4,29.9
1,12,7,10,165956,9,543,0.4,50,Green,0,10,10,0,0,HTR,90,wood,30.4,29.9
1,12,8,10,167010,9,543,0.4,50,Green,0,10,10,0,0,HTR,90,wood,30.4,29.9
1,12,9,10,168062,9,539,0.4,50,Green,0,10,10,0,0,HTR,90,wood,30.4,29.9
1,12,10,10,169116,9,539,0.4,50,Green,0,10,10,0,0,HTR,90,wood,30.4,29.9
1,12,1,5,174384,6,379,0.4,50,Green,0,10,10,0,0,HTR,90,wood,30.4,29.9
1,12,2,5,175437,6,371,0.4,50,Green,0,10,10,0,0,HTR,90,wood,30.4,29.9
1,12,3,5,176491,7,399,0.4,50,Green,0,10,10,0,0,HTR,90,wood,30.4,29.9
1,12,4,5,177544,7,399,0.4,50,Green,0,10,10,0,0,HTR,90,wood,30.4,29.9
1,12,5,5,178597,6,375,0.4,50,Green,0,10,10,0,0,HTR,90,wood,30.4,29.9
1,12,6,5,179651,7,399,0.4,50,Green,0,10,10,0,0,HTR,90,wood,30.4,29.9
1,12,7,5,180705,7,403,0.4,50,Green,0,10,10,0,0,HTR,90,wood,30.4,29.9
1,12,8,5,181757,7,399,0.4,50,Green,0,10,10,0,0,HTR,90,wood,30.4,29.9
1,12,9,5,182811,7,403,0.4,50,Green,0,10,10,0,0,HTR,90,wood,30.4,29.9
1,12,10,5,183865,6,375,0.4,50,Green,0,10,10,0,0,HTR,90,wood,30.4,29.9
1,12,1,0,189131,7,411,0.4,50,Green,0,10,10,0,0,HTR,90,wood,30.4,29.9
1,12,2,0,190185,7,411,0.4,50,Green,0,10,10,0,0,HTR,90,wood,30.4,29.9
1,12,3,0,191238,7,407,0.4,50,Green,0,10,10,0,0,HTR,90,wood,30.4,29.9
1,12,4,0,192291,7,411,0.4,50,Green,0,10,10,0,0,HTR,90,wood,30.4,29.9
1,12,5,0,193345,7,407,0.4,50,Green,0,10,10,0,0,HTR,90,wood,30.4,29.9
1,12,6,0,194399,7,407,0.4,50,Green,0,10,10,0,0,HTR,90,wood,30.4,29.9
1,12,7,0,195451,7,411,0.4,50,Green,0,10,10,0,0,HTR,90,wood,30.4,29.9
1,12,8,0,196505,7,407,0.4,50,Green,0,10,10,0,0,HTR,90,wood,30.4,29.9
1,12,9,0,197559,6,387,0.4,50,Green,0,10,10,0,0,HTR,90,wood,30.4,29.9
1,12,10,0,198611,6,387,0.4,50,Green,0,10,10,0,0,HTR,90,wood,30.4,29.9
1,13,1,40,29612,40,2303,0.4,50,Blue,0,10,10,0,0,HTR,90,wood,30.4,29.9
1,13,2,40,30667,40,2331,0.4,50,Blue,0,10,10,0,0,HTR,90,wood,30.4,29.9
1,13,3,40,31722,39,2247,0.4,50,Blue,0,10,10,0,0,HTR,90,wood,30.4,29.9
1,13,4,40,32778,39,2247,0.4,50,Blue,0,10,10,0,0,HTR,90,wood,30.4,29.9
1,13,5,40,33832,39,2251,0.4,50,Blue,0,10,10,0,0,HTR,90,wood,30.4,29.9
1,13,6,40,34888,39,2251,0.4,50,Blue,0,10,10,0,0,HTR,90,wood,30.4,29.9
1,13,7,40,35943,39,2247,0.4,50,Blue,0,10,10,0,0,HTR,90,wood,30.4,29.9
1,13,8,40,36999,39,2251,0.4,50,Blue,0,10,10,0,0,HTR,90,wood,30.4,29.9
1,13,9,40,38053,39,2247,0.4,50,Blue,0,10,10,0,0,HTR,90,wood,30.4,29.9
1,13,10,40,39109,39,2243,0.4,50,Blue,0,10,10,0,0,HTR,90,wood,30.4,29.9
1,13,1,35,47550,35,2047,0.4,50,Blue,0,10,10,0,0,HTR,90,wood,30.4,29.9
1,13,2,35,48605,35,2015,0.4,50,Blue,0,10,10,0,0,HTR,90,wood,30.4,29.9
1,13,3,35,49659,35,2019,0.4,50,Blue,0,10,10,0,0,HTR,90,wood,30.4,29.9
1,13,4,35,50715,35,2023,0.4,50,Blue,0,10,10,0,0,HTR,90,wood,30.4,29.9
1,13,5,35,51770,35,2019,0.4,50,Blue,0,10,10,0,0,HTR,90,wood,30.4,29.9
1,13,6,35,52825,35,2019,0.4,50,Blue,0,10,10,0,0,HTR,90,wood,30.4,29.9
1,13,7,35,53880,35,2023,0.4,50,Blue,0,10,10,0,0,HTR,90,wood,30.4,29.9
1,13,8,35,54935,35,2019,0.4,50,Blue,0,10,10,0,0,HTR,90,wood,30.4,29.9
1,13,9,35,55990,35,2019,0.4,50,Blue,0,10,10,0,0,HTR,90,wood,30.4,29.9
1,13,10,35,57044,35,2019,0.4,50,Blue,0,10,10,0,0,HTR,90,wood,30.4,29.9
1,13,1,30,62320,30,1747,0.4,50,Blue,0,10,10,0,0,HTR,90,wood,30.4,29.9
1,13,2,30,63375,29,1683,0.4,50,Blue,0,10,10,0,0,HTR,90,wood,30.4,29.9
1,13,3,30,64430,30,1731,0.4,50,Blue,0,10,10,0,0,HTR,90,wood,30.4,29.9
1,13,4,30,65484,30,1727,0.4,50,Blue,0,10,10,0,0,HTR,90,wood,30.4,29.9
1,13,5,30,66539,30,1731,0.4,50,Blue,0,10,10,0,0,HTR,90,wood,30.4,29.9
1,13,6,30,67594,30,1731,0.4,50,Blue,0,10,10,0,0,HTR,90,wood,30.4,29.9
1,13,7,30,68648,30,1731,0.4,50,Blue,0,10,10,0,0,HTR,90,wood,30.4,29.9
1,13,8,30,69703,30,1731,0.4,50,Blue,0,10,10,0,0,HTR,90,wood,30.4,29.9
1,13,9,30,70758,30,1727,0.4,50,Blue,0,10,10,0,0,HTR,90,wood,30.4,29.9
1,13,10,30,71813,30,1731,0.4,50,Blue,0,10,10,0,0,HTR,90,wood,30.4,29.9
1,13,1,25,76030,24,1419,0.4,50,Blue,0,10,10,0,0,HTR,90,wood,30.4,29.9
1,13,2,25,77085,24,1419,0.4,50,Blue,0,10,10,0,0,HTR,90,wood,30.4,29.9
1,13,3,25,78140,24,1423,0.4,50,Blue,0,10,10,0,0,HTR,90,wood,30.4,29.9
1,13,4,25,79194,24,1423,0.4,50,Blue,0,10,10,0,0,HTR,90,wood,30.4,29.9
1,13,5,25,80248,24,1423,0.4,50,Blue,0,10,10,0,0,HTR,90,wood,30.4,29.9
1,13,6,25,81303,24,1423,0.4,50,Blue,0,10,10,0,0,HTR,90,wood,30.4,29.9
1,13,7,25,82357,24,1419,0.4,50,Blue,0,10,10,0,0,HTR,90,wood,30.4,29.9
1,13,8,25,83411,24,1423,0.4,50,Blue,0,10,10,0,0,HTR,90,wood,30.4,29.9
1,13,9,25,84466,24,1423,0.4,50,Blue,0,10,10,0,0,HTR,90,wood,30.4,29.9
1,13,10,25,85521,24,1423,0.4,50,Blue,0,10,10,0,0,HTR,90,wood,30.4,29.9
1,13,1,20,88683,20,1183,0.4,50,Blue,0,10,10,0,0,HTR,90,wood,30.4,29.9
1,13,2,20,89738,20,1143,0.4,50,Blue,0,10,10,0,0,HTR,90,wood,30.4,29.9
1,13,3,20,90791,20,1163,0.4,50,Blue,0,10,10,0,0,HTR,90,wood,30.4,29.9
1,13,4,20,91846,20,1163,0.4,50,Blue,0,10,10,0,0,HTR,90,wood,30.4,29.9
1,13,5,20,92900,20,1167,0.4,50,Blue,0,10,10,0,0,HTR,90,wood,30.4,29.9
1,13,6,20,93955,20,1163,0.4,50,Blue,0,10,10,0,0,HTR,90,wood,30.4,29.9
1,13,7,20,95008,20,1163,0.4,50,Blue,0,10,10,0,0,HTR,90,wood,30.4,29.9
1,13,8,20,96063,20,1163,0.4,50,Blue,0,10,10,0,0,HTR,90,wood,30.4,29.9
1,13,9,20,97117,20,1163,0.4,50,Blue,0,10,10,0,0,HTR,90,wood,30.4,29.9
1,13,10,20,98171,20,1163,0.4,50,Blue,0,10,10,0,0,HTR,90,wood,30.4,29.9
1,13,1,15,102387,15,863,0.4,50,Blue,0,10,10,0,0,HTR,90,wood,30.4,29.9
1,13,2,15,103441,15,863,0.4,50,Blue,0,10,10,0,0,HTR,90,wood,30.4,29.9
1,13,3,15,104496,15,883,0.4,50,Blue,0,10,10,0,0,HTR,90,wood,30.4,29.9
1,13,4,15,105549,15,879,0.4,50,Blue,0,10,10,0,0,HTR,90,wood,30.4,29.9
1,13,5,15,106603,15,879,0.4,50,Blue,0,10,10,0,0,HTR,90,wood,30.4,29.9
1,13,6,15,107657,15,879,0.4,50,Blue,0,10,10,0,0,HTR,90,wood,30.4,29.9
1,13,7,15,108710,15,879,0.4,50,Blue,0,10,10,0,0,HTR,90,wood,30.4,29.9
1,13,8,15,109764,15,883,0.4,50,Blue,0,10,10,0,0,HTR,90,wood,30.4,29.9
1,13,9,15,110819,15,879,0.4,50,Blue,0,10,10,0,0,HTR,90,wood,30.4,29.9
1,13,10,15,111873,15,883,0.4,50,Blue,0,10,10,0,0,HTR,90,wood,30.4,29.9
1,13,1,10,118195,9,563,0.4,50,Blue,0,10,10,0,0,HTR,90,wood,30.4,29.9
1,13,2,10,119248,9,567,0.4,50,Blue,0,10,10,0,0,HTR,90,wood,30.4,29.9
1,13,3,10,120302,13,771,0.4,50,Blue,0,10,10,0,0,HTR,90,wood,30.4,29.9
1,13,4,10,121356,8,511,0.4,50,Blue,0,10,10,0,0,HTR,90,wood,30.4,29.9
1,13,5,10,122409,8,511,0.4,50,Blue,0,10,10,0,0,HTR,90,wood,30.4,29.9
1,13,6,10,123462,9,515,0.4,50,Blue,0,10,10,0,0,HTR,90,wood,30.4,29.9
1,13,7,10,124516,9,515,0.4,50,Blue,0,10,10,0,0,HTR,90,wood,30.4,29.9
1,13,8,10,125570,8,511,0.4,50,Blue,0,10,10,0,0,HTR,90,wood,30.4,29.9
1,13,9,10,126623,9,563,0.4,50,Blue,0,10,10,0,0,HTR,90,wood,30.4,29.9
1,13,10,10,127677,9,563,0.4,50,Blue,0,10,10,0,0,HTR,90,wood,30.4,29.9
1,13,1,5,139265,5,323,0.4,50,Blue,0,10,10,0,0,HTR,90,wood,30.4,29.9
1,13,2,5,140318,5,323,0.4,50,Blue,0,10,10,0,0,HTR,90,wood,30.4,29.9
1,13,3,5,141372,5,327,0.4,50,Blue,0,10,10,0,0,HTR,90,wood,30.4,29.9
1,13,4,5,142425,5,323,0.4,50,Blue,0,10,10,0,0,HTR,90,wood,30.4,29.9
1,13,5,5,143478,5,331,0.4,50,Blue,0,10,10,0,0,HTR,90,wood,30.4,29.9
1,13,6,5,144531,5,323,0.4,50,Blue,0,10,10,0,0,HTR,90,wood,30.4,29.9
1,13,7,5,145585,5,323,0.4,50,Blue,0,10,10,0,0,HTR,90,wood,30.4,29.9
1,13,8,5,146638,5,327,0.4,50,Blue,0,10,10,0,0,HTR,90,wood,30.4,29.9
1,13,9,5,147691,5,323,0.4,50,Blue,0,10,10,0,0,HTR,90,wood,30.4,29.9
1,13,10,5,148745,5,319,0.4,50,Blue,0,10,10,0,0,HTR,90,wood,30.4,29.9
1,13,1,0,156118,2,119,0.4,50,Blue,0,10,10,0,0,HTR,90,wood,30.4,29.9
1,13,2,0,157170,2,119,0.4,50,Blue,0,10,10,0,0,HTR,90,wood,30.4,29.9
1,13,3,0,158223,2,123,0.4,50,Blue,0,10,10,0,0,HTR,90,wood,30.4,29.9
1,13,4,0,159277,2,123,0.4,50,Blue,0,10,10,0,0,HTR,90,wood,30.4,29.9
1,13,5,0,160329,2,119,0.4,50,Blue,0,10,10,0,0,HTR,90,wood,30.4,29.9
1,13,6,0,161383,2,115,0.4,50,Blue,0,10,10,0,0,HTR,90,wood,30.4,29.9
1,13,7,0,162436,2,119,0.4,50,Blue,0,10,10,0,0,HTR,90,wood,30.4,29.9
1,13,8,0,163488,4,239,0.4,50,Blue,0,10,10,0,0,HTR,90,wood,30.4,29.9
1,13,9,0,164542,3,183,0.4,50,Blue,0,10,10,0,0,HTR,90,wood,30.4,29.9
1,13,10,0,165595,3,183,0.4,50,Blue,0,10,10,0,0,HTR,90,wood,30.4,29.9
1,14,1,40,38005,39,2231,0.4,50,Blue,0,10,10,0,0,HTR,90,wood,30.4,29.9
1,14,2,40,39059,39,2231,0.4,50,Blue,0,10,10,0,0,HTR,90,wood,30.4,29.9
1,14,3,40,40113,39,2231,0.4,50,Blue,0,10,10,0,0,HTR,90,wood,30.4,29.9
1,14,4,40,41165,39,2231,0.4,50,Blue,0,10,10,0,0,HTR,90,wood,30.4,29.9
1,14,5,40,42219,39,2231,0.4,50,Blue,0,10,10,0,0,HTR,90,wood,30.4,29.9
1,14,6,40,43273,39,2235,0.4,50,Blue,0,10,10,0,0,HTR,90,wood,30.4,29.9
1,14,7,40,44326,39,2231,0.4,50,Blue,0,10,10,0,0,HTR,90,wood,30.4,29.9
1,14,8,40,45380,39,2231,0.4,50,Blue,0,10,10,0,0,HTR,90,wood,30.4,29.9
1,14,9,40,46434,39,2235,0.4,50,Blue,0,10,10,0,0,HTR,90,wood,30.4,29.9
1,14,10,40,47486,39,2231,0.4,50,Blue,0,10,10,0,0,HTR,90,wood,30.4,29.9
1,14,1,35,52754,34,1979,0.4,50,Blue,0,10,10,0,0,HTR,90,wood,30.4,29.9
1,14,2,35,53808,34,1955,0.4,50,Blue,0,10,10,0,0,HTR,90,wood,30.4,29.9
1,14,3,35,54860,34,1975,0.4,50,Blue,0,10,10,0,0,HTR,90,wood,30.4,29.9
1,14,4,35,55914,34,1979,0.4,50,Blue,0,10,10,0,0,HTR,90,wood,30.4,29.9
1,14,5,35,56967,34,1971,0.4,50,Blue,0,10,10,0,0,HTR,90,wood,30.4,29.9
1,14,6,35,58020,34,1975,0.4,50,Blue,0,10,10,0,0,HTR,90,wood,30.4,29.9
1,14,7,35,59074,34,1951,0.4,50,Blue,0,10,10,0,0,HTR,90,wood,30.4,29.9
1,14,8,35,60127,34,1951,0.4,50,Blue,0,10,10,0,0,HTR,90,wood,30.4,29.9
1,14,9,35,61180,34,1971,0.4,50,Blue,0,10,10,0,0,HTR,90,wood,30.4,29.9
1,14,10,35,62233,34,1979,0.4,50,Blue,0,10,10,0,0,HTR,90,wood,30.4,29.9
1,14,1,30,66446,29,1691,0.4,50,Blue,0,10,10,0,0,HTR,90,wood,30.4,29.9
1,14,2,30,67499,29,1695,0.4,50,Blue,0,10,10,0,0,HTR,90,wood,30.4,29.9
1,14,3,30,68551,29,1691,0.4,50,Blue,0,10,10,0,0,HTR,90,wood,30.4,29.9
1,14,4,30,69605,29,1695,0.4,50,Blue,0,10,10,0,0,HTR,90,wood,30.4,29.9
1,14,5,30,70658,29,1671,0.4,50,Blue,0,10,10,0,0,HTR,90,wood,30.4,29.9
1,14,6,30,71710,29,1675,0.4,50,Blue,0,10,10,0,0,HTR,90,wood,30.4,29.9
1,14,7,30,72764,29,1695,0.4,50,Blue,0,10,10,0,0,HTR,90,wood,30.4,29.9
1,14,8,30,73817,29,1691,0.4,50,Blue,0,10,10,0,0,HTR,90,wood,30.4,29.9
1,14,9,30,74869,29,1691,0.4,50,Blue,0,10,10,0,0,HTR,90,wood,30.4,29.9
1,14,10,30,75922,29,1691,0.4,50,Blue,0,10,10,0,0,HTR,90,wood,30.4,29.9
1,14,1,25,79081,24,1383,0.4,50,Blue,0,10,10,0,0,HTR,90,wood,30.4,29.9
1,14,2,25,80134,24,1399,0.4,50,Blue,0,10,10,0,0,HTR,90,wood,30.4,29.9
1,14,3,25,81186,24,1399,0.4,50,Blue,0,10,10,0,0,HTR,90,wood,30.4,29.9
1,14,4,25,82239,24,1379,0.4,50,Blue,0,10,10,0,0,HTR,90,wood,30.4,29.9
1,14,5,25,83292,24,1379,0.4,50,Blue,0,10,10,0,0,HTR,90,wood,30.4,29.9
1,14,6,25,84344,24,1379,0.4,50,Blue,0,10,10,0,0,HTR,90,wood,30.4,29.9
1,14,7,25,85397,24,1379,0.4,50,Blue,0,10,10,0,0,HTR,90,wood,30.4,29.9
1,14,8,25,86450,24,1379,0.4,50,Blue,0,10,10,0,0,HTR,90,wood,30.4,29.9
1,14,9,25,87502,24,1403,0.4,50,Blue,0,10,10,0,0,HTR,90,wood,30.4,29.9
1,14,10,25,88555,24,1379,0.4,50,Blue,0,10,10,0,0,HTR,90,wood,30.4,29.9
1,14,1,20,90659,19,1135,0.4,50,Blue,0,10,10,0,0,HTR,90,wood,30.4,29.9
1,14,2,20,91712,19,1119,0.4,50,Blue,0,10,10,0,0,HTR,90,wood,30.4,29.9
1,14,3,20,92765,19,1119,0.4,50,Blue,0,10,10,0,0,HTR,90,wood,30.4,29.9
1,14,4,20,93816,19,1119,0.4,50,Blue,0,10,10,0,0,HTR,90,wood,30.4,29.9
1,14,5,20,94869,19,1115,0.4,50,Blue,0,10,10,0,0,HTR,90,wood,30.4,29.9
1,14,6,20,95922,19,1099,0.4,50,Blue,0,10,10,0,0,HTR,90,wood,30.4,29.9
1,14,7,20,96974,19,1123,0.4,50,Blue,0,10,10,0,0,HTR,90,wood,30.4,29.9
1,14,8,20,98026,19,1099,0.4,50,Blue,0,10,10,0,0,HTR,90,wood,30.4,29.9
1,14,9,20,99079,19,1095,0.4,50,Blue,0,10,10,0,0,HTR,90,wood,30.4,29.9
1,14,10,20,100131,19,1099,0.4,50,Blue,0,10,10,0,0,HTR,90,wood,30.4,29.9
1,14,1,15,103288,14,847,0.4,50,Blue,0,10,10,0,0,HTR,90,wood,30.4,29.9
1,14,2,15,104340,14,819,0.4,50,Blue,0,10,10,0,0,HTR,90,wood,30.4,29.9
1,14,3,15,105393,14,819,0.4,50,Blue,0,10,10,0,0,HTR,90,wood,30.4,29.9
1,14,4,15,106444,14,819,0.4,50,Blue,0,10,10,0,0,HTR,90,wood,30.4,29.9
1,14,5,15,107496,14,835,0.4,50,Blue,0,10,10,0,0,HTR,90,wood,30.4,29.9
1,14,6,15,108549,14,823,0.4,50,Blue,0,10,10,0,0,HTR,90,wood,30.4,29.9
1,14,7,15,109600,14,823,0.4,50,Blue,0,10,10,0,0,HTR,90,wood,30.4,29.9
1,14,8,15,110653,14,815,0.4,50,Blue,0,10,10,0,0,HTR,90,wood,30.4,29.9
1,14,9,15,111705,14,823,0.4,50,Blue,0,10,10,0,0,HTR,90,wood,30.4,29.9
1,14,10,15,112757,14,843,0.4,50,Blue,0,10,10,0,0,HTR,90,wood,30.4,29.9
1,14,1,10,118017,9,539,0.4,50,Blue,0,10,10,0,0,HTR,90,wood,30.4,29.9
1,14,2,10,119068,9,563,0.4,50,Blue,0,10,10,0,0,HTR,90,wood,30.4,29.9
1,14,3,10,120121,9,563,0.4,50,Blue,0,10,10,0,0,HTR,90,wood,30.4,29.9
1,14,4,10,121172,9,563,0.4,50,Blue,0,10,10,0,0,HTR,90,wood,30.4,29.9
1,14,5,10,122224,9,539,0.4,50,Blue,0,10,10,0,0,HTR,90,wood,30.4,29.9
1,14,6,10,123276,9,563,0.4,50,Blue,0,10,10,0,0,HTR,90,wood,30.4,29.9
1,14,7,10,124327,9,563,0.4,50,Blue,0,10,10,0,0,HTR,90,wood,30.4,29.9
1,14,8,10,125379,9,543,0.4,50,Blue,0,10,10,0,0,HTR,90,wood,30.4,29.9
1,14,9,10,126431,9,535,0.4,50,Blue,0,10,10,0,0,HTR,90,wood,30.4,29.9
1,14,10,10,127482,9,535,0.4,50,Blue,0,10,10,0,0,HTR,90,wood,30.4,29.9
1,14,1,5,133793,4,271,0.4,50,Blue,0,10,10,0,0,HTR,90,wood,30.4,29.9
1,14,2,5,134845,4,267,0.4,50,Blue,0,10,10,0,0,HTR,90,wood,30.4,29.9
1,14,3,5,135896,4,267,0.4,50,Blue,0,10,10,0,0,HTR,90,wood,30.4,29.9
1,14,4,5,136947,4,267,0.4,50,Blue,0,10,10,0,0,HTR,90,wood,30.4,29.9
1,14,5,5,137999,4,267,0.4,50,Blue,0,10,10,0,0,HTR,90,wood,30.4,29.9
1,14,6,5,139051,4,267,0.4,50,Blue,0,10,10,0,0,HTR,90,wood,30.4,29.9
1,14,7,5,140102,4,243,0.4,50,Blue,0,10,10,0,0,HTR,90,wood,30.4,29.9
1,14,8,5,141154,4,243,0.4,50,Blue,0,10,10,0,0,HTR,90,wood,30.4,29.9
1,14,9,5,142204,4,263,0.4,50,Blue,0,10,10,0,0,HTR,90,wood,30.4,29.9
1,14,10,5,143256,4,267,0.4,50,Blue,0,10,10,0,0,HTR,90,wood,30.4,29.9
1,14,1,0,148514,4,271,0.4,50,Blue,0,10,10,0,0,HTR,90,wood,30.4,29.9
1,14,2,0,149565,4,247,0.4,50,Blue,0,10,10,0,0,HTR,90,wood,30.4,29.9
1,14,3,0,150617,4,271,0.4,50,Blue,0,10,10,0,0,HTR,90,wood,30.4,29.9
1,14,4,0,151668,5,295,0.4,50,Blue,0,10,10,0,0,HTR,90,wood,30.4,29.9
1,14,5,0,152731,0,0,0.4,50,Blue,0,10,10,0,0,HTR,90,wood,30.4,29.9
1,14,6,0,153794,0,0,0.4,50,Blue,0,10,10,0,0,HTR,90,wood,30.4,29.9
1,14,7,0,154856,0,0,0.4,50,Blue,0,10,10,0,0,HTR,90,wood,30.4,29.9
1,14,8,0,155919,0,0,0.4,50,Blue,0,10,10,0,0,HTR,90,wood,30.4,29.9
1,14,9,0,156982,0,0,0.4,50,Blue,0,10,10,0,0,HTR,90,wood,30.4,29.9
1,14,10,0,158044,0,0,0.4,50,Blue,0,10,10,0,0,HTR,90,wood,30.4,29.9
1,15,1,40,1108,39,2279,0.4,50,Blue,0,10,10,0,0,HTR,90,wood,30.4,29.9
1,15,2,40,2164,39,2271,0.4,50,Blue,0,10,10,0,0,HTR,90,wood,30.4,29.9
1,15,3,40,3219,39,2271,0.4,50,Blue,0,10,10,0,0,HTR,90,wood,30.4,29.9
1,15,4,40,4275,39,2271,0.4,50,Blue,0,10,10,0,0,HTR,90,wood,30.4,29.9
1,15,5,40,5329,39,2251,0.4,50,Blue,0,10,10,0,0,HTR,90,wood,30.4,29.9
1,15,6,40,6385,39,2243,0.4,50,Blue,0,10,10,0,0,HTR,90,wood,30.4,29.9
1,15,7,40,7440,39,2247,0.4,50,Blue,0,10,10,0,0,HTR,90,wood,30.4,29.9
1,15,8,40,8496,39,2243,0.4,50,Blue,0,10,10,0,0,HTR,90,wood,30.4,29.9
1,15,9,40,9550,39,2251,0.4,50,Blue,0,10,10,0,0,HTR,90,wood,30.4,29.9
1,15,10,40,10606,39,2243,0.4,50,Blue,0,10,10,0,0,HTR,90,wood,30.4,29.9
1,15,1,35,15882,34,1971,0.4,50,Blue,0,10,10,0,0,HTR,90,wood,30.4,29.9
1,15,2,35,16936,34,1967,0.4,50,Blue,0,10,10,0,0,HTR,90,wood,30.4,29.9
1,15,3,35,17992,34,1963,0.4,50,Blue,0,10,10,0,0,HTR,90,wood,30.4,29.9
1,15,4,35,19047,34,1963,0.4,50,Blue,0,10,10,0,0,HTR,90,wood,30.4,29.9
1,15,5,35,20102,34,1963,0.4,50,Blue,0,10,10,0,0,HTR,90,wood,30.4,29.9
1,15,6,35,21156,34,1963,0.4,50,Blue,0,10,10,0,0,HTR,90,wood,30.4,29.9
1,15,7,35,22212,34,1963,0.4,50,Blue,0,10,10,0,0,HTR,90,wood,30.4,29.9
1,15,8,35,23267,34,1967,0.4,50,Blue,0,10,10,0,0,HTR,90,wood,30.4,29.9
1,15,9,35,24322,34,1967,0.4,50,Blue,0,10,10,0,0,HTR,90,wood,30.4,29.9
1,15,10,35,25376,34,1963,0.4,50,Blue,0,10,10,0,0,HTR,90,wood,30.4,29.9
1,15,1,30,28541,29,1683,0.4,50,Blue,0,10,10,0,0,HTR,90,wood,30.4,29.9
1,15,2,30,29596,29,1687,0.4,50,Blue,0,10,10,0,0,HTR,90,wood,30.4,29.9
1,15,3,30,30651,29,1687,0.4,50,Blue,0,10,10,0,0,HTR,90,wood,30.4,29.9
1,15,4,30,31706,29,1683,0.4,50,Blue,0,10,10,0,0,HTR,90,wood,30.4,29.9
1,15,5,30,32760,29,1679,0.4,50,Blue,0,10,10,0,0,HTR,90,wood,30.4,29.9
1,15,6,30,33815,29,1683,0.4,50,Blue,0,10,10,0,0,HTR,90,wood,30.4,29.9
1,15,7,30,34870,29,1679,0.4,50,Blue,0,10,10,0,0,HTR,90,wood,30.4,29.9
1,15,8,30,35924,29,1683,0.4,50,Blue,0,10,10,0,0,HTR,90,wood,30.4,29.9
1,15,9,30,36979,29,1691,0.4,50,Blue,0,10,10,0,0,HTR,90,wood,30.4,29.9
1,15,10,30,38034,29,1683,0.4,50,Blue,0,10,10,0,0,HTR,90,wood,30.4,29.9
1,15,1,25,44361,24,1399,0.4,50,Blue,0,10,10,0,0,HTR,90,wood,30.4,29.9
1,15,2,25,45415,24,1399,0.4,50,Blue,0,10,10,0,0,HTR,90,wood,30.4,29.9
1,15,3,25,46470,24,1399,0.4,50,Blue,0,10,10,0,0,HTR,90,wood,30.4,29.9
1,15,4,25,47524,24,1399,0.4,50,Blue,0,10,10,0,0,HTR,90,wood,30.4,29.9
1,15,5,25,48579,24,1399,0.4,50,Blue,0,10,10,0,0,HTR,90,wood,30.4,29.9
1,15,6,25,49633,24,1403,0.4,50,Blue,0,10,10,0,0,HTR,90,wood,30.4,29.9
1,15,7,25,50688,24,1399,0.4,50,Blue,0,10,10,0,0,HTR,90,wood,30.4,29.9
1,15,8,25,51742,24,1399,0.4,50,Blue,0,10,10,0,0,HTR,90,wood,30.4,29.9
1,15,9,25,52796,24,1399,0.4,50,Blue,0,10,10,0,0,HTR,90,wood,30.4,29.9
1,15,10,25,53851,24,1403,0.4,50,Blue,0,10,10,0,0,HTR,90,wood,30.4,29.9
1,15,1,20,59122,19,1103,0.4,50,Blue,0,10,10,0,0,HTR,90,wood,30.4,29.9
1,15,2,20,60177,19,1099,0.4,50,Blue,0,10,10,0,0,HTR,90,wood,30.4,29.9
1,15,3,20,61231,19,1099,0.4,50,Blue,0,10,10,0,0,HTR,90,wood,30.4,29.9
1,15,4,20,62284,19,1099,0.4,50,Blue,0,10,10,0,0,HTR,90,wood,30.4,29.9
1,15,5,20,63339,19,1095,0.4,50,Blue,0,10,10,0,0,HTR,90,wood,30.4,29.9
1,15,6,20,64393,19,1099,0.4,50,Blue,0,10,10,0,0,HTR,90,wood,30.4,29.9
1,15,7,20,65447,19,1095,0.4,50,Blue,0,10,10,0,0,HTR,90,wood,30.4,29.9
1,15,8,20,66501,19,1119,0.4,50,Blue,0,10,10,0,0,HTR,90,wood,30.4,29.9
1,15,9,20,67556,19,1119,0.4,50,Blue,0,10,10,0,0,HTR,90,wood,30.4,29.9
1,15,10,20,68610,19,1119,0.4,50,Blue,0,10,10,0,0,HTR,90,wood,30.4,29.9
1,15,1,15,72825,14,847,0.4,50,Blue,0,10,10,0,0,HTR,90,wood,30.4,29.9
1,15,2,15,73879,14,827,0.4,50,Blue,0,10,10,0,0,HTR,90,wood,30.4,29.9
1,15,3,15,74934,14,835,0.4,50,Blue,0,10,10,0,0,HTR,90,wood,30.4,29.9
1,15,4,15,75987,14,803,0.4,50,Blue,0,10,10,0,0,HTR,90,wood,30.4,29.9
1,15,5,15,77041,14,803,0.4,50,Blue,0,10,10,0,0,HTR,90,wood,30.4,29.9
1,15,6,15,78095,14,803,0.4,50,Blue,0,10,10,0,0,HTR,90,wood,30.4,29.9
1,15,7,15,79149,14,807,0.4,50,Blue,0,10,10,0,0,HTR,90,wood,30.4,29.9
1,15,8,15,80202,14,807,0.4,50,Blue,0,10,10,0,0,HTR,90,wood,30.4,29.9
1,15,9,15,81256,14,803,0.4,50,Blue,0,10,10,0,0,HTR,90,wood,30.4,29.9
1,15,10,15,82310,14,807,0.4,50,Blue,0,10,10,0,0,HTR,90,wood,30.4,29.9
1,15,1,10,86524,9,555,0.4,50,Blue,0,10,10,0,0,HTR,90,wood,30.4,29.9
1,15,2,10,87578,9,527,0.4,50,Blue,0,10,10,0,0,HTR,90,wood,30.4,29.9
1,15,3,10,88632,9,531,0.4,50,Blue,0,10,10,0,0,HTR,90,wood,30.4,29.9
1,15,4,10,89686,9,527,0.4,50,Blue,0,10,10,0,0,HTR,90,wood,30.4,29.9
1,15,5,10,90738,9,527,0.4,50,Blue,0,10,10,0,0,HTR,90,wood,30.4,29.9
1,15,6,10,91792,9,527,0.4,50,Blue,0,10,10,0,0,HTR,90,wood,30.4,29.9
1,15,7,10,92846,9,527,0.4,50,Blue,0,10,10,0,0,HTR,90,wood,30.4,29.9
1,15,8,10,93899,9,531,0.4,50,Blue,0,10,10,0,0,HTR,90,wood,30.4,29.9
1,15,9,10,94953,9,527,0.4,50,Blue,0,10,10,0,0,HTR,90,wood,30.4,29.9
1,15,10,10,96006,9,527,0.4,50,Blue,0,10,10,0,0,HTR,90,wood,30.4,29.9
1,15,1,5,101273,4,275,0.4,50,Blue,0,10,10,0,0,HTR,90,wood,30.4,29.9
1,15,2,5,102326,4,239,0.4,50,Blue,0,10,10,0,0,HTR,90,wood,30.4,29.9
1,15,3,5,103379,4,235,0.4,50,Blue,0,10,10,0,0,HTR,90,wood,30.4,29.9
1,15,4,5,104433,4,235,0.4,50,Blue,0,10,10,0,0,HTR,90,wood,30.4,29.9
1,15,5,5,105486,4,235,0.4,50,Blue,0,10,10,0,0,HTR,90,wood,30.4,29.9
1,15,6,5,106540,4,239,0.4,50,Blue,0,10,10,0,0,HTR,90,wood,30.4,29.9
1,15,7,5,107592,4,235,0.4,50,Blue,0,10,10,0,0,HTR,90,wood,30.4,29.9
1,15,8,5,108646,4,235,0.4,50,Blue,0,10,10,0,0,HTR,90,wood,30.4,29.9
1,15,9,5,109699,4,235,0.4,50,Blue,0,10,10,0,0,HTR,90,wood,30.4,29.9
1,15,10,5,110752,4,239,0.4,50,Blue,0,10,10,0,0,HTR,90,wood,30.4,29.9
1,15,1,0,114976,0,0,0.4,50,Blue,0,10,10,0,0,HTR,90,wood,30.4,29.9
1,15,2,0,116029,5,335,0.4,50,Blue,0,10,10,0,0,HTR,90,wood,30.4,29.9
1,15,3,0,117083,6,355,0.4,50,Blue,0,10,10,0,0,HTR,90,wood,30.4,29.9
1,15,4,0,118147,0,0,0.4,50,Blue,0,10,10,0,0,HTR,90,wood,30.4,29.9
1,15,5,0,119212,0,0,0.4,50,Blue,0,10,10,0,0,HTR,90,wood,30.4,29.9
1,15,6,0,120275,0,0,0.4,50,Blue,0,10,10,0,0,HTR,90,wood,30.4,29.9
1,15,7,0,121340,0,0,0.4,50,Blue,0,10,10,0,0,HTR,90,wood,30.4,29.9
1,15,8,0,122404,0,0,0.4,50,Blue,0,10,10,0,0,HTR,90,wood,30.4,29.9
1,15,9,0,123468,0,0,0.4,50,Blue,0,10,10,0,0,HTR,90,wood,30.4,29.9
1,15,10,0,124533,0,0,0.4,50,Blue,0,10,10,0,0,HTR,90,wood,30.4,29.9
,,,,,,,,,,,,,,,,,,,
,,,,,,,,,,,,,,,,,,,
,,,,,,,,,,,,,,,,,,,
,,,,,,,,,,,,,,,,,,,
,,,,,,,,,,,,,,,,,,,
,,,,,,,,,,,,,,,,,,,
,,,,,,,,,,,,,,,,,,,
,,,,,,,,,,,,,,,,,,,
,,,,,,,,,,,,,,,,,,,
,,,,,,,,,,,,,,,,,,,
,,,,,,,,,,,,,,,,,,,
,,,,,,,,,,,,,,,,,,,
,,,,,,,,,,,,,,,,,,,
,,,,,,,,,,,,,,,,,,,
,,,,,,,,,,,,,,,,,,,
,,,,,,,,,,,,,,,,,,,
,,,,,,,,,,,,,,,,,,,
,,,,,,,,,,,,,,,,,,,
,,,,,,,,,,,,,,,,,,,
,,,,,,,,,,,,,,,,,,,
,,,,,,,,,,,,,,,,,,,
,,,,,,,,,,,,,,,,,,,
,,,,,,,,,,,,,,,,,,,
,,,,,,,,,,,,,,,,,,,
,,,,,,,,,,,,,,,,,,,
,,,,,,,,,,,,,,,,,,,
,,,,,,,,,,,,,,,,,,,
,,,,,,,,,,,,,,,,,,,
,,,,,,,,,,,,,,,,,,,
,,,,,,,,, ,,,,,,,,,,