Sensor ID,13_10000_middle,13_16800_middle,13_3000_middle,13_6000_middle,13_8000_middle,18_10000_middle,18_16800_middle,18_3000_middle,18_6000_middle,18_8000_middle,23_10000_middle,23_16800_middle,23_3000_middle,23_6000_middle,23_8000_middle,28_10000_middle,28_16800_middle,28_3000_middle,28_6000_middle,28_8000_middle,33_10000_middle,33_16800_middle,33_3000_middle,33_6000_middle,33_8000_middle,38_10000_middle,38_16800_middle,38_3000_middle,38_6000_middle,38_8000_middle,43_10000_middle,43_16800_middle,43_3000_middle,43_6000_middle,43_8000_middle,48_10000_middle,48_16800_middle,48_3000_middle,48_6000_middle,48_8000_middle,53_10000_middle,53_16800_middle,53_3000_middle,53_6000_middle,53_8000_middle,13_10000_lower,13_16800_lower,13_3000_lower,13_6000_lower,13_8000_lower,18_10000_lower,18_16800_lower,18_3000_lower,18_6000_lower,18_8000_lower,23_10000_lower,23_16800_lower,23_3000_lower,23_6000_lower,23_8000_lower,28_10000_lower,28_16800_lower,28_3000_lower,28_6000_lower,28_8000_lower,33_10000_lower,33_16800_lower,33_3000_lower,33_6000_lower,33_8000_lower,38_10000_lower,38_16800_lower,38_3000_lower,38_6000_lower,38_8000_lower,43_10000_lower,43_16800_lower,43_3000_lower,43_6000_lower,43_8000_lower,48_10000_lower,48_16800_lower,48_3000_lower,48_6000_lower,48_8000_lower,53_10000_lower,53_16800_lower,53_3000_lower,53_6000_lower,53_8000_lower,13_10000_upper,13_16800_upper,13_3000_upper,13_6000_upper,13_8000_upper,18_10000_upper,18_16800_upper,18_3000_upper,18_6000_upper,18_8000_upper,23_10000_upper,23_16800_upper,23_3000_upper,23_6000_upper,23_8000_upper,28_10000_upper,28_16800_upper,28_3000_upper,28_6000_upper,28_8000_upper,33_10000_upper,33_16800_upper,33_3000_upper,33_6000_upper,33_8000_upper,38_10000_upper,38_16800_upper,38_3000_upper,38_6000_upper,38_8000_upper,43_10000_upper,43_16800_upper,43_3000_upper,43_6000_upper,43_8000_upper,48_10000_upper,48_16800_upper,48_3000_upper,48_6000_upper,48_8000_upper,53_10000_upper,53_16800_upper,53_3000_upper,53_6000_upper,53_8000_upper
32,765.6262626262626,765.6938775510204,765.64,765.56,766.12,1057.28,821.2,1057.6262626262626,1057.44,1057.52,1331.92,1346.72,1330.24,1331.44,1331.48,1620.2,1622.08,1619.0,1600.6,1620.3488372093022,1929.0,1923.4,1929.28,1928.88,1929.0,2188.08,2179.48,2187.84,2187.8,2188.08,2511.0,2509.625,2509.44,2509.76,2511.0,2765.2,2771.2,2765.315789473684,2765.52,2765.16,3090.1111111111113,3088.12,3090.48,3089.56,3090.0,0.0,741.0,0.0,0.0,0.0,0.0,0.0,1047.0,0.0,0.0,0.0,0.0,0.0,0.0,0.0,0.0,0.0,1618.012987012987,890.2,1595.5714285714287,0.0,0.0,0.0,0.0,0.0,0.0,2111.0,0.0,0.0,0.0,2507.0,2393.0,0.0,0.0,2506.84,0.0,0.0,0.0,0.0,0.0,0.0,0.0,0.0,0.0,0.0,775.0,0.0,0.0,0.0,0.0,0.0,0.0,0.0,0.0,0.0,0.0,0.0,0.0,0.0,0.0,0.0,0.0,1620.121951219512,0.0,0.0,0.0,0.0,0.0,0.0,0.0,0.0,2239.0,0.0,0.0,0.0,2515.0,0.0,0.0,0.0,2515.4444444444443,0.0,0.0,2787.8333333333335,0.0,0.0,3099.0,0.0,0.0,0.0,0.0
33,755.0,779.530612244898,736.64,779.2758620689655,755.4675324675325,1024.8181818181818,1035.64,1024.7777777777778,1025.72,1024.8,1319.0,1319.0,1318.0707070707072,1319.0,1319.0,1579.969696969697,1595.28,1579.2828282828282,1579.68,1579.7422680412371,1895.0454545454545,1899.96,1905.32,1895.0481927710844,1894.9555555555555,2171.12,2179.9684210526316,2161.843373493976,2178.44,2175.4,2456.0602409638554,2451.4,2457.4615384615386,2455.919540229885,2456.2380952380954,2725.8,2726.92,2739.0,2729.6,2729.04,3040.48,3016.896907216495,3042.0,3047.5714285714284,3049.0266666666666,754.4022988505748,755.0,0.0,755.3076923076923,747.0,0.0,0.0,0.0,0.0,0.0,1318.0,1318.0869565217392,0.0,1318.3258426966293,1318.2,0.0,0.0,0.0,0.0,1571.0,1887.0,0.0,0.0,1887.0,0.0,0.0,2135.0,0.0,0.0,0.0,0.0,0.0,0.0,0.0,0.0,0.0,0.0,2737.025316455696,0.0,0.0,0.0,0.0,0.0,3025.0,3024.6470588235293,755.8275862068965,0.0,0.0,0.0,779.1818181818181,1035.0,0.0,1035.0,0.0,0.0,1319.923076923077,1319.4050632911392,1347.0,1319.5176470588235,1319.7228915662652,1603.0,0.0,1603.0,0.0,1601.0,1919.3636363636363,0.0,0.0,1919.5,1918.2,0.0,0.0,2185.823529411765,0.0,0.0,2479.235294117647,0.0,2481.222222222222,2480.846153846154,2479.5,0.0,0.0,2740.037037037037,0.0,0.0,0.0,3073.6666666666665,0.0,3073.4,3074.0
34,665.68,658.92,675.989247311828,653.6823529411764,665.24,969.48,969.4691358024692,969.52,969.5858585858585,969.7070707070707,1258.0707070707072,1258.3734939759036,1258.36,1259.0,1257.52,1494.157894736842,1494.578947368421,1494.55,1495.0,1494.1724137931035,1843.08,1828.857142857143,1828.872340425532,1840.08,1829.6262626262626,2072.237113402062,2067.84,2095.913043478261,2083.56,2096.3164556962024,2363.6,2363.701030927835,2363.0,2363.0,2363.6,2641.16,2640.979797979798,2643.36,2642.04,2641.48,2941.04,2940.92,2944.3012048192772,2939.96,2948.090909090909,0.0,0.0,653.2857142857143,0.0,0.0,0.0,944.4736842105264,0.0,0.0,0.0,1231.0,1230.2941176470588,0.0,1257.964705882353,0.0,0.0,0.0,0.0,1491.0,0.0,0.0,1812.6,0.0,0.0,0.0,0.0,0.0,2074.4285714285716,0.0,2071.5714285714284,0.0,2343.0,2360.135802469136,2362.0243902439024,0.0,0.0,2615.0,0.0,0.0,0.0,0.0,0.0,2919.0,0.0,2923.0,0.0,0.0,0.0,677.9333333333333,0.0,0.0,0.0,0.0,979.0,979.0,0.0,0.0,0.0,1259.7692307692307,0.0,1522.6666666666667,1519.3333333333333,1519.0,1503.4705882352941,1521.7692307692307,0.0,1852.8181818181818,1852.3333333333333,0.0,1855.0,2093.6666666666665,0.0,2107.0,0.0,0.0,0.0,0.0,2364.0526315789475,2363.9,0.0,0.0,0.0,0.0,0.0,0.0,0.0,0.0,0.0,0.0,0.0
35,861.64,861.6262626262626,804.32,861.84,863.0,1012.3333333333334,1011.8,1012.72,1012.24,1012.3737373737374,1301.0869565217392,1301.4651162790697,1301.04,1300.6774193548388,1301.12,1653.24,1587.76,1613.0,1587.5360824742268,1636.311475409836,1924.2,1924.4,1924.2,1924.32,1924.2,2190.55,2182.92,2163.103896103896,2191.0,2189.88,2497.8,2423.122448979592,2497.36,2483.08,2475.0,2755.0,2777.813186813187,2755.0,2777.595744680851,2755.4186046511627,3014.76,3015.72,3029.8,3029.813186813187,3017.12,0.0,0.0,0.0,0.0,862.1515151515151,1003.0,0.0,0.0,0.0,0.0,0.0,1291.0,0.0,1291.0,0.0,1587.0,0.0,0.0,0.0,1587.8,0.0,0.0,0.0,0.0,0.0,2164.2,0.0,0.0,2190.157894736842,0.0,0.0,0.0,0.0,0.0,2474.1428571428573,2754.5897435897436,2719.0,2754.317073170732,2753.0,0.0,0.0,0.0,0.0,2998.5555555555557,0.0,0.0,871.0,0.0,0.0,863.1012658227849,0.0,0.0,0.0,0.0,1023.0,1351.0,1351.3076923076924,0.0,1349.4,0.0,0.0,0.0,0.0,1639.0,1666.3684210526317,0.0,0.0,0.0,0.0,0.0,0.0,0.0,2189.782608695652,2191.246913580247,0.0,0.0,2521.0,0.0,0.0,2477.6987951807228,2758.6521739130435,0.0,2756.8390804597702,0.0,2778.4285714285716,0.0,0.0,0.0,0.0,0.0
36,743.52,743.9620253164557,743.36,743.68,743.6,1067.0,1054.88,1064.4949494949494,1067.0,1067.0,1345.72,1353.44,1345.68,1345.5747126436781,1345.8,1618.0,1616.857142857143,1619.0,1619.0,1618.111111111111,1932.0105263157895,1950.28,1929.52,1942.44,1954.8072289156626,2210.6,2062.8315789473686,2211.56,2208.84,2196.4545454545455,2459.9166666666665,2388.2916666666665,2459.6,2459.84,2459.8,2770.0833333333335,2753.96,2763.16,2754.68,2769.608695652174,3085.712643678161,3077.44,3043.56,3047.9032258064517,1856.68,0.0,0.0,0.0,0.0,0.0,1066.2444444444445,0.0,1055.0,1066.1052631578948,1066.4074074074074,0.0,0.0,0.0,0.0,0.0,0.0,1595.0,1618.2083333333333,1618.121951219512,0.0,0.0,0.0,0.0,0.0,1928.8461538461538,0.0,0.0,0.0,0.0,2187.0,0.0,2255.0,0.0,0.0,0.0,2748.3333333333335,0.0,0.0,0.0,2746.0,3062.4285714285716,0.0,0.0,467.57142857142856,0.0,0.0,767.952380952381,0.0,0.0,0.0,1067.4819277108434,0.0,0.0,1068.2857142857142,1067.8636363636363,0.0,0.0,0.0,1368.8461538461538,0.0,0.0,1643.0,1619.1975308641975,1619.9156626506024,1627.0,1957.4,0.0,0.0,0.0,1963.0,0.0,2209.4,0.0,0.0,0.0,2484.0,2508.3333333333335,0.0,0.0,0.0,2779.0,0.0,0.0,0.0,0.0,3113.0,0.0,0.0,0.0,0.0
37,739.8080808080808,597.24,739.7272727272727,739.76,739.929292929293,975.6464646464647,975.5473684210526,984.84,975.7578947368421,975.4848484848485,1311.24,1307.888888888889,1311.0,1311.0,1311.046511627907,1586.4871794871794,1561.379746835443,1580.16,1586.4526315789474,1586.4105263157894,1903.0,1903.5301204819277,1903.0,1903.0,1903.0,2172.136842105263,1489.96,2196.590909090909,2182.24,2172.212121212121,2441.52,1360.6,2433.181818181818,2432.6623376623374,2433.488888888889,2719.0,323.1066666666667,2719.0,2719.186046511628,2719.5252525252527,3047.848484848485,383.7894736842105,3019.0,3018.1724137931033,405.59090909090907,715.0,0.0,731.0,0.0,731.0,0.0,0.0,0.0,0.0,967.0,0.0,512.7777777777778,1310.0,1309.952380952381,1287.0,1561.909090909091,473.75,0.0,1561.0,1563.0,1902.076923076923,1879.7058823529412,1902.4883720930231,1902.3023255813953,1902.2592592592594,0.0,0.0,2172.0,0.0,2163.0,0.0,0.0,0.0,0.0,0.0,2718.2,0.0,2717.9367088607596,0.0,0.0,0.0,0.0,3017.987341772152,0.0,0.0,0.0,0.0,0.0,0.0,0.0,999.0,1006.2,0.0,995.0,0.0,0.0,1331.0,1312.0,1311.7710843373493,0.0,0.0,1587.8,0.0,1595.0,0.0,1904.1084337349398,0.0,1903.629213483146,1903.7058823529412,1903.9302325581396,2197.4,0.0,0.0,0.0,0.0,0.0,0.0,2463.0,2457.782608695652,2456.6,2720.5238095238096,2679.0,2720.0632911392404,2743.285714285714,2743.0,3075.0,3046.6666666666665,3020.1,3041.153846153846,2241.3333333333335
38,752.32,753.4,752.72,753.28,753.72,1067.8,1075.96,1102.36,1101.6666666666667,1102.125,1348.72,1348.0,1349.16,1348.84,1348.7373737373737,1649.84,1663.0,1663.0,1647.12,1614.16,1937.16,1937.16,1935.92,1936.92,1936.8,2171.547368421053,2171.0,2172.0,2192.12,2199.0,2433.8,2440.88,2435.0,2433.747474747475,2435.0,2725.6666666666665,2719.808510638298,2718.32,2719.24,2725.4615384615386,3053.595744680851,3035.28,3014.1827956989246,3014.0,421.8085106382979,0.0,0.0,0.0,0.0,0.0,0.0,0.0,0.0,1028.0,1044.0,0.0,0.0,0.0,0.0,1339.0,1583.0,1661.5714285714287,1662.358024691358,1583.0,0.0,0.0,0.0,0.0,0.0,0.0,2163.0,2143.8,0.0,0.0,2192.5384615384614,0.0,0.0,2434.0344827586205,0.0,2434.296703296703,2702.6923076923076,2539.0,0.0,0.0,2703.0,3025.4,0.0,2993.285714285714,0.0,0.0,0.0,0.0,0.0,0.0,0.0,0.0,0.0,0.0,0.0,0.0,0.0,0.0,0.0,0.0,0.0,0.0,1663.7272727272727,1663.9655172413793,0.0,0.0,0.0,0.0,0.0,0.0,0.0,2197.0,0.0,0.0,0.0,2200.1428571428573,0.0,0.0,2435.9876543209875,2443.0,2435.423529411765,0.0,0.0,0.0,0.0,0.0,3063.0,0.0,0.0,0.0,1862.3333333333333
39,865.989898989899,867.0,867.0,865.6,864.84,1071.0,1071.0,1071.0,1071.0,1071.0,1323.0,1373.8354430379748,1373.8817204301076,1340.3877551020407,1323.0,1577.96,1578.560975609756,1579.0,1578.28,1578.04,1947.0,1947.0,1947.0,1947.0,1947.0,2239.0,2218.16,2239.0,2239.0,2239.0,2437.909090909091,2461.6206896551726,2439.0,2437.782608695652,2437.8282828282827,2694.44,2695.1348314606744,2695.0,2695.0,2695.0,2991.0,2991.5128205128203,2991.0,2995.742268041237,2991.0,0.0,866.1489361702128,866.1489361702128,0.0,0.0,1070.4352941176471,1070.6705882352942,1070.6455696202531,1070.7037037037037,1070.6543209876543,1322.139240506329,1323.3809523809523,0.0,0.0,1321.987341772152,0.0,0.0,1578.2608695652175,0.0,0.0,1943.8636363636363,1946.764705882353,1946.4545454545455,1945.8235294117646,1946.448275862069,2231.5789473684213,0.0,2238.7368421052633,2235.0,2238.6543209876545,0.0,2440.0,2437.9247311827958,0.0,0.0,0.0,0.0,2693.923076923077,2694.0,2693.9756097560976,2990.7894736842104,0.0,2990.8571428571427,0.0,2990.9,875.0,867.3373493975904,867.2962962962963,0.0,0.0,1071.7191011235955,1071.6451612903227,1071.9462365591398,1071.8936170212767,1071.8602150537633,1327.4761904761904,0.0,1441.2857142857142,1471.0,1324.1358024691358,0.0,1627.6666666666667,1579.4285714285713,0.0,0.0,1947.6265060240964,1947.6315789473683,1947.5393258426966,1947.7272727272727,1947.5842696629213,2240.655172413793,0.0,2240.0526315789475,2243.32,2239.8172043010754,2463.0,2486.1111111111113,2439.4102564102564,2462.5,2463.0,0.0,2719.7272727272725,2696.185185185185,2696.2345679012346,2695.9113924050635,2994.340206185567,3023.0,2991.7755102040815,3023.0,2993.408163265306
40,738.2,728.6190476190476,728.96,728.88,728.96,1041.5858585858587,1039.6382978723404,1040.2,1039.0,1042.76,1321.76,1308.8,1321.5454545454545,1321.64,1321.6,1593.96,1586.76,1593.72,1594.030303030303,1595.0,1932.7931034482758,1924.0,1943.4,1932.6907216494844,1941.04,2187.2,2178.04,2185.28,2182.6,2187.6,2444.2820512820513,2443.0,2456.4,2447.923076923077,2457.88,2763.0,2739.0,2762.7894736842104,2751.808988764045,2762.951219512195,3027.68,3031.0,3040.44,3009.3684210526317,3023.6,0.0,0.0,0.0,0.0,0.0,0.0,0.0,0.0,1035.0,0.0,0.0,0.0,1295.0,0.0,0.0,0.0,0.0,0.0,0.0,1593.8837209302326,0.0,0.0,0.0,0.0,0.0,0.0,0.0,0.0,0.0,0.0,0.0,2438.45,0.0,0.0,0.0,2759.6588235294116,2738.105882352941,2736.6666666666665,1296.8181818181818,2737.3529411764707,0.0,3012.3333333333335,0.0,0.0,0.0,0.0,755.0,0.0,0.0,0.0,1051.0,1061.6666666666667,0.0,1043.8,0.0,0.0,0.0,0.0,0.0,0.0,0.0,0.0,0.0,1603.0,1595.7179487179487,1956.5384615384614,0.0,0.0,1955.0,0.0,0.0,0.0,0.0,0.0,0.0,2467.7272727272725,2445.6666666666665,0.0,2470.818181818182,0.0,2763.769230769231,2739.9876543209875,0.0,0.0,2771.0,0.0,3051.64,0.0,3050.3333333333335,0.0
41,721.84,739.04,721.96,721.6823529411764,722.12,1028.08,1034.7530864197531,1037.3820224719102,1010.9466666666667,1037.6813186813188,1299.047619047619,1323.0,1306.4,1312.28,1306.4,1592.92,1593.2680412371135,1593.8979591836735,1593.76,1593.5454545454545,1903.0,1901.6818181818182,1903.0,1903.0,1902.857142857143,2173.6,2155.28,2160.7078651685392,2161.45,2172.56,2445.56,2443.64,2463.0,2461.35,2455.96,2728.090909090909,2730.44,2736.16,2728.2413793103447,2728.1182795698924,3028.217391304348,3018.84,3027.0,3027.0,3028.1139240506327,0.0,0.0,0.0,0.0,0.0,0.0,1010.1578947368421,1012.4545454545455,0.0,1011.0,1291.0,1299.0,0.0,0.0,0.0,0.0,1567.0,1583.0,0.0,1583.0,1902.1,1876.3333333333333,1902.142857142857,1902.064935064935,0.0,0.0,0.0,0.0,0.0,0.0,0.0,0.0,2458.2289156626507,2437.4,0.0,0.0,0.0,0.0,0.0,0.0,0.0,0.0,3026.0,3026.2087912087914,0.0,0.0,0.0,0.0,746.2,0.0,0.0,0.0,0.0,1037.72,0.0,1323.0,1345.6666666666667,0.0,0.0,0.0,0.0,1619.0,1619.0,0.0,0.0,1905.439024390244,1926.111111111111,1904.3658536585365,1905.4878048780488,1928.25,0.0,0.0,2185.909090909091,2187.0,0.0,0.0,0.0,2464.2631578947367,0.0,0.0,2753.782608695652,0.0,0.0,2753.153846153846,2752.714285714286,3053.0,0.0,3033.0975609756097,3029.1686746987953,3053.4761904761904
42,710.1460674157304,724.84,709.8915662650602,716.24,709.5,1017.56,1000.72,1017.32,1017.72,1017.52,1303.64,1304.1612903225807,1304.3333333333333,1304.2929292929293,1304.32,1568.6907216494844,1567.0,1576.2,1568.591836734694,1569.0869565217392,1891.76,1895.88,1891.72,1889.76,1893.32,2155.72,2112.0,2148.0526315789475,2147.7906976744184,2148.409090909091,2432.04,2428.52,2431.72,2423.740740740741,2431.4,2707.32,2699.28,2700.6615384615384,2707.24,2709.44,3027.0,2773.989010989011,2996.56,2999.5714285714284,395.33734939759034,0.0,0.0,0.0,0.0,0.0,0.0,0.0,0.0,0.0,0.0,0.0,1283.0,1283.0,1295.0,0.0,1559.0,1542.4,0.0,1559.0,0.0,0.0,0.0,0.0,0.0,0.0,0.0,0.0,2139.0,0.0,0.0,0.0,0.0,0.0,0.0,0.0,0.0,0.0,2677.75,0.0,0.0,3025.6341463414633,2615.0,0.0,634.0,0.0,733.9090909090909,0.0,733.3529411764706,0.0,731.6666666666666,0.0,0.0,0.0,0.0,0.0,0.0,1329.0,0.0,0.0,0.0,1591.0,1590.6363636363637,0.0,1591.0,1591.0,0.0,0.0,0.0,0.0,0.0,0.0,2171.0,2172.5652173913045,2172.1428571428573,2171.3333333333335,0.0,0.0,0.0,2446.7894736842104,0.0,0.0,0.0,2724.4736842105262,0.0,0.0,3032.1052631578946,2963.0,0.0,3023.222222222222,2938.529411764706
43,719.0,719.0,719.0,719.0,719.0,1039.0,1039.0,1038.8588235294117,1039.0,1045.6,1325.56,1325.2222222222222,1325.2,1325.5454545454545,1325.3673469387754,1588.0786516853932,1587.3456790123457,1594.04,1587.1860465116279,1597.56,1924.2727272727273,1916.64,1925.08,1925.313253012048,1924.28,2186.906976744186,2175.44,2186.770114942529,2187.0,2187.577319587629,2450.1,2476.813953488372,2468.8,2477.945054945055,2477.5416666666665,2743.0,2746.7272727272725,2747.0,2743.9484536082473,2747.0,3042.492957746479,3030.48,3041.7733333333335,3042.222222222222,3043.044943820225,718.9069767441861,718.6410256410256,718.746835443038,718.6315789473684,718.7435897435897,1038.3411764705882,1038.2808988764045,1031.0,0.0,0.0,0.0,1299.0,0.0,0.0,0.0,0.0,0.0,0.0,1575.0,0.0,1901.0,0.0,0.0,0.0,0.0,2164.4285714285716,0.0,2163.923076923077,2186.3846153846152,2164.3333333333335,0.0,2452.4285714285716,0.0,2453.6666666666665,2453.0,2737.55,2722.6666666666665,2745.8571428571427,2721.6666666666665,2745.8571428571427,3018.6666666666665,0.0,3018.6190476190477,3018.1666666666665,3018.2727272727275,719.5714285714286,719.9462365591398,719.8842105263158,720.0322580645161,719.9263157894737,1039.9767441860465,1039.5238095238096,1061.5714285714287,1062.2,0.0,0.0,0.0,0.0,1335.0,1335.0,1609.1818181818182,1613.3157894736842,0.0,1610.3846153846155,0.0,0.0,0.0,0.0,1951.4705882352941,0.0,0.0,0.0,0.0,2188.0,0.0,2475.0,0.0,0.0,0.0,0.0,2744.1052631578946,0.0,2747.8311688311687,0.0,2747.883116883117,3051.0,0.0,3051.0,3052.0,0.0
44,699.4,699.3218390804598,699.28,699.56,699.64,1019.12,1006.24,1018.6767676767677,1019.4848484848485,1018.24,1301.36,1301.212765957447,1301.3434343434344,1301.92,1301.36,1567.92,1567.6666666666667,1567.88,1568.04,1567.969696969697,1883.05,1898.64,1890.84,1882.857142857143,1894.24,2143.4545454545455,2055.48,2140.909090909091,2130.36,2143.2978723404253,2411.246913580247,2337.96,2423.16,2423.36,2419.36,2713.7179487179487,2725.52,2713.851063829787,2713.7727272727275,2713.5806451612902,3027.48,3001.32,3024.2,3017.481012658228,3027.92,0.0,691.0,0.0,0.0,0.0,0.0,0.0,0.0,1011.0,0.0,0.0,1285.0,1291.0,0.0,0.0,0.0,0.0,0.0,0.0,0.0,0.0,0.0,0.0,0.0,0.0,2123.0,0.0,2119.0,0.0,2118.3333333333335,0.0,0.0,0.0,0.0,0.0,0.0,0.0,0.0,2691.0,0.0,0.0,0.0,0.0,0.0,0.0,0.0,723.6666666666666,0.0,0.0,0.0,0.0,0.0,1027.0,0.0,0.0,0.0,1325.0,0.0,0.0,0.0,0.0,1595.0,0.0,0.0,1591.0,1907.0,0.0,0.0,1907.5,0.0,2165.0,0.0,2167.0,0.0,0.0,2435.0,0.0,0.0,0.0,0.0,2736.6363636363635,0.0,2735.0,2736.2,2739.5714285714284,0.0,0.0,0.0,3040.714285714286,0.0
45,746.12,770.1168831168832,745.96,745.9090909090909,745.56,1052.090909090909,1044.6,1052.16,1052.2929292929293,1052.32,1340.2,1340.4,1340.56,1339.96,1340.6969696969697,1628.0,1631.08,1615.92,1625.44,1616.4222222222222,1898.125,1905.56,1913.96,1898.0103092783504,1912.68,2226.48,2232.4117647058824,2207.8988764044943,2208.12,2207.64,2492.44,2510.061728395062,2480.84,2481.12,2480.28,2754.08,2765.56,2753.694736842105,2754.36,2754.2,3048.84,3041.88,3043.96,3048.96,3048.76,0.0,746.304347826087,0.0,0.0,0.0,1027.0,0.0,0.0,1027.0,0.0,0.0,0.0,0.0,0.0,1331.0,0.0,0.0,0.0,0.0,1607.0,0.0,0.0,0.0,0.0,0.0,0.0,2207.5714285714284,2199.0,0.0,0.0,0.0,2478.294117647059,0.0,0.0,0.0,0.0,0.0,0.0,0.0,0.0,0.0,0.0,0.0,0.0,0.0,0.0,0.0,0.0,755.0,0.0,0.0,0.0,0.0,0.0,0.0,0.0,0.0,0.0,0.0,0.0,0.0,0.0,0.0,0.0,1641.2222222222222,1920.0,0.0,0.0,1921.6666666666667,0.0,0.0,2257.0,2231.4,0.0,0.0,0.0,2535.0,0.0,0.0,0.0,0.0,0.0,2777.4,0.0,0.0,0.0,0.0,0.0,0.0,0.0
46,715.0,713.92,715.0,715.0,715.0,1029.88,1030.3563218390805,1029.04,1031.0,1030.08,1317.3820224719102,1317.1777777777777,1317.0,1317.2916666666667,1344.4683544303798,1579.7916666666667,1579.5360824742268,1580.1134020618556,1579.92,1580.24,1896.9024390243903,1897.530612244898,1911.84,1906.96,1912.8,2193.08,2192.16,2197.68,2206.4942528735633,2194.16,2459.4,2451.4324324324325,2463.88,2461.64,2461.64,2741.2380952380954,2754.12,2747.96,2741.439024390244,2741.1739130434785,3041.3030303030305,3026.8,3018.695652173913,3041.3058823529414,3041.5777777777776,714.1397849462365,0.0,714.3488372093024,714.1058823529412,714.1325301204819,0.0,1007.6153846153846,0.0,1030.2444444444445,0.0,1307.0,0.0,0.0,0.0,1317.095238095238,0.0,0.0,0.0,0.0,0.0,1887.0,0.0,0.0,0.0,0.0,0.0,0.0,0.0,2181.153846153846,0.0,0.0,2427.7272727272725,0.0,0.0,0.0,2731.0,0.0,0.0,0.0,2719.0,0.0,0.0,0.0,3016.3333333333335,3017.4,715.6,0.0,716.0232558139535,715.7407407407408,716.0731707317074,0.0,0.0,0.0,1031.4761904761904,0.0,1340.2,1341.4,1342.75,1341.0,0.0,1603.0,1601.6666666666667,1600.3333333333333,0.0,0.0,1924.6470588235295,1923.0,0.0,0.0,0.0,0.0,0.0,0.0,0.0,0.0,0.0,2475.266666666667,0.0,0.0,0.0,2767.0,0.0,0.0,2765.222222222222,2766.2,3051.0,0.0,3042.5,0.0,0.0
47,700.6969696969697,683.64,687.52,700.64,700.48,964.2929292929293,978.8,964.5483870967741,964.1428571428571,963.8888888888889,1263.92,1272.591836734694,1261.64,1273.2068965517242,1273.857142857143,1511.0,1496.48,1527.16,1523.44,1517.44,1823.84,1659.2424242424242,1827.0,1816.4,1827.0,2068.178947368421,1746.2967032967033,1988.08,2069.4651162790697,2069.3797468354433,2331.0,1413.0631578947368,2319.76,2330.5789473684213,2331.0,2474.88,1465.4329896907216,1684.4623655913979,2472.76,2481.734693877551,2516.918367346939,1797.1224489795918,2073.28,2435.7755102040815,2492.896907216495,691.0,0.0,0.0,0.0,0.0,955.0,0.0,0.0,0.0,0.0,0.0,1249.0,0.0,1251.923076923077,1253.0,1509.888888888889,0.0,0.0,0.0,0.0,0.0,0.0,1818.52,0.0,1826.08,2059.0,0.0,0.0,2059.0,2059.0,2329.878048780488,0.0,0.0,2313.0,2326.68,0.0,1063.0,0.0,0.0,2405.0,2461.0,1403.0,0.0,2367.0,2387.0,0.0,0.0,0.0,0.0,0.0,0.0,0.0,989.8571428571429,991.0,975.0,0.0,0.0,0.0,0.0,0.0,1512.0389610389611,0.0,0.0,0.0,0.0,0.0,1823.0,1834.4285714285713,0.0,1827.0,2089.0,2078.5555555555557,0.0,2089.153846153846,2087.6,2331.987012987013,1919.0,0.0,2354.0,2335.2,0.0,2413.0,2330.4285714285716,0.0,0.0,0.0,2495.0,0.0,2507.0,0.0
48,736.36,735.96,736.68,736.04,736.3061224489796,1022.12,1022.0857142857143,1023.0,1023.0,1023.0,1281.8,1288.28,1281.9166666666667,1281.7755102040817,1281.96,1570.68,1571.16,1573.24,1574.2,1574.04,1897.88,1899.48,1892.28,1897.0,1900.84,2163.9777777777776,2149.08,2163.9565217391305,2163.0,2163.0,2436.2,2435.8,2435.4,2426.2631578947367,2440.36,2716.36,2727.56,2711.0,2722.12,2723.4,3017.0,3025.8695652173915,3020.44,3018.84,3023.88,0.0,0.0,0.0,0.0,727.0,0.0,999.8888888888889,1022.1627906976744,1022.219512195122,1021.9767441860465,0.0,0.0,1271.0,0.0,0.0,0.0,0.0,0.0,0.0,0.0,0.0,0.0,0.0,0.0,0.0,2155.0,0.0,2155.0,2162.3684210526317,2162.5897435897436,0.0,0.0,0.0,2419.0,0.0,0.0,0.0,2703.0,0.0,0.0,0.0,1066.0,0.0,0.0,0.0,0.0,0.0,0.0,0.0,0.0,0.0,1041.6666666666667,1023.6829268292682,1023.8571428571429,1023.7179487179487,1303.4,0.0,1303.0,1303.0,0.0,0.0,0.0,0.0,0.0,0.0,0.0,0.0,0.0,0.0,0.0,2186.0,0.0,2185.6666666666665,2164.090909090909,2163.9565217391305,0.0,0.0,0.0,2448.090909090909,0.0,0.0,0.0,2735.4,0.0,0.0,0.0,0.0,0.0,0.0,0.0
49,731.8510638297872,732.3023255813954,709.7555555555556,709.6046511627907,723.64,1030.8333333333333,1031.8333333333333,1033.24,1033.3673469387754,1033.48,1322.28,1338.0697674418604,1315.0,1315.0,1315.0,1576.84,1577.0,1576.44,1577.08,1576.44,1904.28,1900.84,1905.64,1893.0444444444445,1893.9767441860465,2175.72,2182.36,2162.6190476190477,2186.6279069767443,2186.12,2446.7894736842104,2459.56,2447.5333333333333,2448.52,2447.96,2743.782608695652,2735.72,2725.56,2731.24,2743.8,3050.28,3059.0,3059.521739130435,3060.4358974358975,3059.923076923077,708.3333333333334,708.7142857142857,0.0,699.0,0.0,1023.0,1023.0,0.0,1023.0,0.0,0.0,1313.2857142857142,1314.265306122449,1314.4893617021276,1314.2380952380952,0.0,0.0,0.0,0.0,0.0,0.0,0.0,0.0,0.0,0.0,0.0,0.0,0.0,2161.8571428571427,0.0,0.0,0.0,0.0,0.0,0.0,2720.0,0.0,0.0,0.0,2719.8,0.0,3031.4444444444443,3036.0,3034.2727272727275,3036.3333333333335,0.0,0.0,729.4,732.3333333333334,0.0,0.0,0.0,0.0,0.0,0.0,0.0,0.0,1315.0975609756097,1315.2727272727273,1315.7619047619048,0.0,0.0,0.0,0.0,0.0,0.0,0.0,0.0,1919.0,1918.4285714285713,0.0,0.0,2186.0,0.0,0.0,2472.0,0.0,2471.8,0.0,0.0,0.0,0.0,0.0,0.0,0.0,0.0,0.0,0.0,0.0,0.0
50,719.72,734.76,719.0,719.0,719.0,1025.96,1021.0,1011.96,1012.7021276595744,1012.8181818181819,1313.48,1323.9166666666667,1299.88,1299.0,1299.0851063829787,1565.046511627907,1581.56,1564.2093023255813,1563.8,1574.28,1873.1666666666667,1880.52,1881.56,1873.3636363636363,1872.276595744681,2159.5,2162.063829787234,2184.28,2174.52,2159.0,2475.0,2489.48,2490.04,2482.92,2473.9333333333334,2758.1794871794873,2763.75,2772.68,2757.048780487805,2757.4615384615386,3056.92,3049.285714285714,3046.2,3053.909090909091,3047.72,0.0,0.0,718.578947368421,718.1794871794872,718.3488372093024,0.0,0.0,0.0,0.0,0.0,0.0,1297.0,0.0,0.0,0.0,0.0,0.0,1555.0,0.0,0.0,1863.0,0.0,0.0,0.0,0.0,2151.0,2133.8571428571427,0.0,0.0,2158.3488372093025,2473.9,0.0,0.0,0.0,0.0,0.0,0.0,0.0,0.0,0.0,0.0,0.0,0.0,3031.4,0.0,0.0,0.0,720.0434782608696,720.0909090909091,719.6511627906976,0.0,0.0,0.0,1036.3333333333333,1038.3333333333333,0.0,0.0,0.0,1325.6666666666667,1323.0,1588.142857142857,0.0,1588.3333333333333,1587.0,0.0,1899.0,0.0,0.0,1899.0,1899.0,2183.0,2215.0,0.0,0.0,2160.5454545454545,2478.3,0.0,0.0,0.0,2508.6,2788.090909090909,2807.0,0.0,2793.222222222222,2800.4545454545455,0.0,3107.0,0.0,3076.714285714286,0.0
51,755.0,749.4,756.28,756.2,756.12,1019.16,1036.92,1019.4,1019.0,1019.64,1302.6923076923076,1308.12,1302.28,1302.2,1301.88,1593.72,1586.28,1593.64,1593.88,1595.0,1941.0,1931.56,1938.8095238095239,1933.96,1941.75,2158.2,2151.32,2170.04,2158.68,2157.3829787234044,2450.92,2367.878048780488,2473.9,2473.4166666666665,2457.0,2715.4,2696.191489361702,2739.1,2738.909090909091,2716.157894736842,3042.92,2985.16,324.76,3045.88,3040.76,754.9,0.0,0.0,0.0,0.0,0.0,0.0,0.0,1017.8717948717949,0.0,0.0,0.0,0.0,0.0,0.0,0.0,0.0,0.0,0.0,1594.142857142857,0.0,0.0,1916.142857142857,0.0,1915.0,0.0,0.0,0.0,0.0,0.0,0.0,2226.0,2448.6,2451.0,0.0,0.0,2556.3333333333335,2717.222222222222,2716.3333333333335,0.0,0.0,0.0,0.0,0.0,0.0,755.8163265306123,0.0,0.0,0.0,0.0,0.0,0.0,0.0,1020.1282051282051,0.0,1325.909090909091,0.0,0.0,0.0,0.0,0.0,0.0,0.0,0.0,1595.780487804878,0.0,0.0,1947.0,0.0,0.0,0.0,0.0,0.0,0.0,2181.6666666666665,0.0,2508.714285714286,0.0,0.0,0.0,2739.8,0.0,2747.0,0.0,2739.0,0.0,0.0,0.0,0.0,0.0
52,752.3636363636364,764.36,776.36,770.36,752.68,1061.4,1065.4,1061.6938775510205,1063.24,1061.4,1343.9565217391305,1351.88,1343.5714285714287,1343.88,1343.88,1612.92,1626.84,1613.0,1611.64,1612.3877551020407,1927.0,1926.4594594594594,1928.04,1927.88,1928.04,2194.04,2192.28,2201.88,2215.7272727272725,2193.48,2491.0,2490.063829787234,2479.64,2490.265306122449,2489.96,2766.92,2776.3684210526317,2751.0,2775.8,2753.6666666666665,3084.76,3085.1666666666665,331.6857142857143,1937.72,3083.88,0.0,0.0,0.0,0.0,0.0,0.0,0.0,1039.0,0.0,0.0,0.0,0.0,1335.0,0.0,0.0,0.0,0.0,0.0,0.0,1603.0,1925.842105263158,1915.0,0.0,0.0,0.0,0.0,0.0,0.0,2191.0,0.0,2489.8571428571427,2467.0,0.0,2467.0,0.0,0.0,2752.6666666666665,2750.3333333333335,2759.0,0.0,0.0,1101.0,281.6666666666667,0.0,0.0,775.0,0.0,0.0,0.0,0.0,0.0,0.0,0.0,0.0,0.0,1371.0,0.0,0.0,0.0,0.0,0.0,0.0,0.0,0.0,0.0,1928.2307692307693,1951.3333333333333,0.0,0.0,0.0,0.0,0.0,0.0,0.0,0.0,2491.8205128205127,0.0,0.0,0.0,0.0,0.0,0.0,2753.046511627907,2801.6666666666665,2777.3333333333335,0.0,0.0,355.0,0.0,0.0
53,775.0,759.56,775.64,774.92,775.96,1059.9795918367347,1075.64,1060.04,1059.88,1060.061224489796,1349.24,1348.4634146341464,1348.84,1348.52,1348.44,1612.6,1627.64,1612.68,1612.28,1612.6,1927.72,1936.84,1927.8163265306123,1928.469387755102,1927.96,2213.695652173913,2213.6363636363635,2208.92,2199.8,2214.04,2486.2,2486.1304347826085,2470.28,2485.88,2485.56,2787.88,2773.625,2764.12,2783.8,2775.0975609756097,3066.135135135135,3062.288888888889,3065.7272727272725,3041.72,3040.76,773.8717948717949,0.0,0.0,0.0,0.0,0.0,0.0,0.0,0.0,1051.0,0.0,0.0,0.0,0.0,0.0,0.0,0.0,0.0,0.0,0.0,0.0,0.0,0.0,1919.0,0.0,2193.0,2195.0,0.0,0.0,0.0,0.0,2460.0,0.0,0.0,0.0,0.0,2750.0,0.0,0.0,2749.0,3041.5,3037.0,3041.6666666666665,0.0,0.0,776.1282051282051,0.0,0.0,0.0,0.0,1071.0,0.0,0.0,0.0,0.0,0.0,1372.3333333333333,0.0,0.0,0.0,0.0,0.0,0.0,0.0,0.0,0.0,0.0,1947.0,0.0,0.0,0.0,2243.0,0.0,0.0,0.0,0.0,0.0,0.0,0.0,0.0,0.0,2799.4,0.0,0.0,2800.3333333333335,3090.2,3085.6666666666665,0.0,0.0,0.0
54,744.304347826087,755.0,745.0408163265306,744.5510204081633,743.96,1058.2,1049.72,1059.0,1058.68,1057.56,1315.1025641025642,1320.0434782608695,1339.8510638297873,1326.04,1339.0,1613.0869565217392,1612.5384615384614,1587.2790697674418,1598.68,1600.68,1924.061224489796,1914.36,1924.4166666666667,1924.28,1924.52,2193.8,2198.6,2203.08,2201.4,2195.8571428571427,2470.44,2472.68,2462.0526315789475,2470.52,2461.5263157894738,2747.8333333333335,2734.92,2748.9,2748.469387755102,2749.311111111111,3042.04,3052.12,3044.68,3035.4,3034.5789473684213,0.0,0.0,0.0,735.0,0.0,0.0,0.0,1056.5454545454545,0.0,0.0,0.0,0.0,1320.3333333333333,0.0,1335.842105263158,1589.0,1588.3333333333333,0.0,0.0,0.0,0.0,0.0,0.0,0.0,0.0,0.0,0.0,0.0,0.0,0.0,0.0,0.0,2455.0,0.0,0.0,0.0,0.0,0.0,0.0,0.0,0.0,0.0,0.0,0.0,0.0,773.0,0.0,755.0,0.0,0.0,0.0,0.0,1059.6315789473683,0.0,0.0,1338.6363636363637,1367.0,0.0,0.0,1340.3684210526317,0.0,1637.4,1612.7142857142858,0.0,0.0,1955.0,0.0,1949.0,0.0,0.0,0.0,0.0,0.0,0.0,2222.0,0.0,0.0,2485.8,0.0,2488.0,2773.0,0.0,2773.4,2775.0,2773.4,0.0,0.0,0.0,3060.6,3061.3333333333335
55,754.12,216.2,754.1836734693877,755.0,755.0,1064.76,141.1,1036.5510204081634,1063.8163265306123,1056.2,1320.76,267.4347826086956,1324.2,1339.48,1331.96,1620.28,1594.3333333333333,1619.0,1619.0,1618.591836734694,1939.08,1927.7272727272727,1953.8333333333333,1927.5333333333333,1940.44,2171.72,2161.64,2172.04,2172.714285714286,2172.44,2464.76,2453.24,2464.6666666666665,2463.96,2465.32,2755.96,2731.88,2745.1739130434785,2745.4,2745.64,3037.4,1129.0,3035.0,3035.0,3035.0,0.0,0.0,743.0,754.1666666666666,754.1304347826087,0.0,0.0,0.0,0.0,0.0,0.0,0.0,0.0,0.0,0.0,0.0,1571.0,1618.578947368421,1617.9,1607.0,0.0,1903.8,1927.0,0.0,0.0,0.0,0.0,0.0,2163.0,0.0,0.0,0.0,0.0,0.0,0.0,0.0,0.0,2719.0,0.0,0.0,0.0,537.6666666666666,3033.3414634146343,3034.288888888889,3034.809523809524,0.0,717.4,0.0,755.2,755.5,0.0,1003.0,1067.0,1075.0,0.0,0.0,1159.0,0.0,0.0,0.0,0.0,1620.8181818181818,1620.0434782608695,1620.1,0.0,0.0,1956.3333333333333,0.0,1953.4,0.0,0.0,0.0,0.0,0.0,0.0,0.0,0.0,2489.0,0.0,0.0,0.0,0.0,0.0,0.0,0.0,3061.0,1663.6666666666667,3037.3809523809523,3035.4761904761904,3035.6666666666665
56,725.8571428571429,719.48,708.28,716.28,719.16,1024.2,1006.6,1023.88,1024.52,1023.56,1311.48,1303.24,1311.72,1311.32,1311.8,1586.12,1578.5,1579.0,1579.0,1578.2820512820513,1915.4102564102564,1915.4324324324325,1890.2340425531916,1890.5,1899.4,2174.2,2171.0,2171.16,2175.56,2177.24,2436.04,2419.32,2445.243902439024,2445.72,2446.3469387755104,2721.96,2704.84,2709.358974358974,2726.12,2726.04,3038.04,3036.28,3013.56,3035.64,3037.16,699.0,0.0,0.0,0.0,0.0,0.0,0.0,0.0,0.0,0.0,0.0,0.0,0.0,0.0,0.0,0.0,1555.0,1578.2380952380952,1577.7692307692307,0.0,1890.6363636363637,1892.090909090909,0.0,0.0,0.0,0.0,0.0,0.0,0.0,0.0,0.0,0.0,2422.5,0.0,2423.0,0.0,0.0,0.0,0.0,0.0,0.0,0.0,0.0,0.0,0.0,0.0,0.0,0.0,0.0,0.0,0.0,0.0,0.0,0.0,0.0,0.0,0.0,0.0,0.0,0.0,0.0,1604.0,1580.142857142857,1580.7894736842106,1601.909090909091,0.0,1923.0,1912.3333333333333,1913.0,0.0,0.0,0.0,0.0,0.0,0.0,0.0,0.0,2455.0,0.0,0.0,0.0,0.0,2732.090909090909,0.0,0.0,0.0,0.0,0.0,0.0,0.0
57,734.5652173913044,197.34883720930233,734.6,734.28,734.44,1050.92,1039.72,1050.68,1050.36,1050.44,1321.88,1313.6938775510205,1314.92,1330.3170731707316,1319.4,1599.0,1590.04,1597.2608695652175,1597.72,1597.56,1915.2926829268292,1909.0,1917.1052631578948,1908.76,1908.6,2191.24,2198.2,2184.0666666666666,2200.44,2208.3684210526317,2454.36,2450.92,2469.9565217391305,2461.32,2455.72,2743.72,2735.64,2748.12,2749.08,2748.6,3033.1,3011.24,3042.04,3038.68,3041.0,0.0,0.0,0.0,0.0,0.0,0.0,0.0,0.0,0.0,0.0,0.0,1255.0,0.0,1306.5555555555557,0.0,1598.0,0.0,1575.0,0.0,0.0,1894.6666666666667,0.0,1894.3333333333333,0.0,0.0,0.0,0.0,0.0,0.0,2186.3333333333335,0.0,0.0,2447.0,0.0,0.0,0.0,0.0,0.0,0.0,0.0,0.0,0.0,0.0,0.0,0.0,757.0,65535.0,0.0,0.0,0.0,0.0,0.0,0.0,0.0,0.0,0.0,0.0,0.0,0.0,0.0,1599.6153846153845,0.0,0.0,0.0,0.0,0.0,0.0,0.0,0.0,0.0,0.0,0.0,2208.6,0.0,0.0,0.0,0.0,2491.0,0.0,0.0,0.0,0.0,0.0,0.0,0.0,3056.6,0.0,0.0,0.0,0.0
58,725.8,734.76,727.0,727.0,726.2,1037.48,1036.4736842105262,1037.72,1038.04,1036.84,1282.0204081632653,1271.16,1321.0,250.6,1281.9787234042553,1583.4,1555.24,1583.0,1583.0,1583.0,1909.88,1884.44,1917.32,1916.2,1904.1063829787233,2167.7,2059.8979591836733,2168.6190476190477,2180.44,2168.7894736842104,2439.0,2339.0,2454.52,2465.190476190476,2438.4736842105262,2725.16,2667.96,2725.530612244898,2726.0204081632655,2718.76,3040.025641025641,2942.404255319149,3049.24,3040.2727272727275,3040.5238095238096,0.0,0.0,726.0,725.952380952381,0.0,0.0,1013.8571428571429,0.0,0.0,0.0,1259.0,0.0,0.0,0.0,1263.0,0.0,0.0,1582.121951219512,1581.9787234042553,1582.179487179487,0.0,0.0,0.0,0.0,0.0,2159.0,0.0,0.0,0.0,2144.6,2438.181818181818,2247.0,0.0,2442.5,0.0,0.0,0.0,2703.0,0.0,0.0,0.0,2787.0,0.0,0.0,0.0,0.0,0.0,727.6153846153846,727.8205128205128,0.0,0.0,1060.6,0.0,0.0,0.0,0.0,0.0,0.0,0.0,1291.0,0.0,0.0,1583.878048780488,1583.3157894736842,1584.142857142857,0.0,0.0,0.0,0.0,1927.0,2191.0,2219.0,2190.0,0.0,2190.4285714285716,2440.0731707317073,2479.8,0.0,0.0,2464.0,0.0,0.0,0.0,2747.0,0.0,3065.909090909091,3095.0,0.0,3064.3333333333335,3068.0
59,724.5652173913044,723.6451612903226,723.96,724.5238095238095,724.1304347826087,1019.4,1023.96,1010.7948717948718,1022.28,1011.5263157894736,1321.56,1311.0,1321.3673469387754,1313.96,1321.4,1587.8,1587.595744680851,1587.8,1587.8,1587.8,1901.4761904761904,1900.531914893617,1907.8,1907.8,1901.090909090909,2172.28,2154.44,2174.2,2162.7894736842104,2177.72,2458.317073170732,2450.44,2446.04,2451.72,2458.4418604651164,2720.3023255813955,2724.68,2728.04,2729.8,2743.2105263157896,3030.84,3036.12,3034.04,3033.4,3034.2,0.0,697.0,0.0,0.0,0.0,0.0,0.0,0.0,0.0,0.0,0.0,0.0,1299.0,0.0,0.0,0.0,0.0,0.0,0.0,0.0,0.0,0.0,0.0,0.0,0.0,0.0,0.0,0.0,0.0,0.0,2435.4444444444443,0.0,0.0,0.0,2435.5714285714284,0.0,0.0,0.0,0.0,2719.7272727272725,0.0,0.0,0.0,0.0,0.0,745.0,748.8181818181819,0.0,746.5,748.0,0.0,0.0,1035.0,0.0,1034.3333333333333,0.0,0.0,0.0,0.0,0.0,0.0,1611.0,0.0,0.0,0.0,1925.0,1924.3333333333333,0.0,0.0,1923.0,0.0,0.0,0.0,2186.0,0.0,0.0,0.0,0.0,0.0,0.0,2745.285714285714,0.0,0.0,0.0,2755.0,0.0,0.0,0.0,0.0,0.0
60,746.28,758.8974358974359,734.8333333333334,735.5,735.32,1049.48,1049.5945945945946,1049.64,1048.795918367347,1048.469387755102,1311.0,1335.3333333333333,1324.6,1310.6842105263158,1311.0,1600.795918367347,1601.111111111111,1600.5510204081634,1600.2,1600.8775510204082,1895.8,1906.04,1913.1052631578948,1907.6315789473683,1888.3023255813953,2178.8947368421054,2172.36,2179.695652173913,2190.28,2179.5,2477.56,2475.342857142857,2477.8444444444444,2461.0,2479.0,2740.28,2754.6,2744.76,2734.3333333333335,2733.3809523809523,3029.2727272727275,3044.714285714286,3046.6,3030.0833333333335,3029.0408163265306,0.0,499.3636363636364,727.0,0.0,0.0,0.0,1024.0,0.0,0.0,1039.0,1310.2,1306.5,0.0,0.0,1310.2,0.0,1579.0,0.0,0.0,1591.0,0.0,0.0,0.0,739.3636363636364,0.0,0.0,0.0,0.0,0.0,0.0,0.0,2454.0,2455.0,0.0,2477.9333333333334,0.0,0.0,0.0,0.0,0.0,0.0,2979.0,0.0,0.0,0.0,0.0,0.0,759.0,765.0,0.0,0.0,1073.2222222222222,0.0,1059.0,0.0,1311.952380952381,1360.7142857142858,0.0,1337.6666666666667,1311.952380952381,1631.0,1627.4,1615.0,0.0,0.0,0.0,0.0,1939.3333333333333,1935.0,1913.2857142857142,2205.6666666666665,0.0,2207.0,0.0,2209.0,0.0,2502.2,2487.0,0.0,2479.5263157894738,0.0,0.0,0.0,2757.5,2759.0,3055.6666666666665,0.0,0.0,3057.0,3059.0
61,720.36,25000.52,719.0,719.0,719.72,1017.0,73.2439024390244,1011.4081632653061,1011.0,1010.04,1296.68,204.77777777777777,1297.48,1297.48,1306.68,1584.6,1585.2608695652175,1584.4468085106382,1583.96,1584.12,1896.12,1881.64,1896.6,1895.8,1896.2,2163.0,2108.9574468085107,2163.0,2149.24,2164.2244897959185,2431.0,2436.2,2440.6,2447.8,2430.9024390243903,2717.5833333333335,2715.88,2717.974358974359,2717.64,2717.8333333333335,3014.0,2889.32,3020.92,3008.92,3021.0,0.0,0.0,718.4871794871794,718.4736842105264,0.0,0.0,0.0,0.0,1010.0769230769231,0.0,0.0,0.0,0.0,0.0,0.0,0.0,1560.0,1561.6666666666667,0.0,0.0,0.0,0.0,0.0,0.0,0.0,2139.5,1893.6666666666667,0.0,0.0,2155.0,2429.8,0.0,0.0,0.0,0.0,0.0,0.0,2695.0,0.0,0.0,2990.3333333333335,0.0,0.0,0.0,0.0,0.0,0.0,720.0666666666667,720.0666666666667,0.0,0.0,8110.111111111111,1031.0,1012.7560975609756,0.0,0.0,1011.0,0.0,0.0,0.0,0.0,0.0,0.0,0.0,0.0,0.0,0.0,0.0,0.0,0.0,2171.0,0.0,2186.0,0.0,0.0,2434.3684210526317,0.0,0.0,0.0,2454.5555555555557,2739.0,0.0,2741.5,0.0,2739.0,3039.0,0.0,0.0,0.0,0.0
62,767.6530612244898,767.72,767.48,767.0,767.96,1065.88,1059.56,1065.530612244898,1065.64,1064.795918367347,1342.591836734694,1329.88,1318.0434782608695,1342.1,1327.88,1611.08,1600.76,1611.0,1610.2,1610.68,1917.1666666666667,1917.4444444444443,1917.2222222222222,1917.88,1917.64,2151.0,2176.5135135135133,2177.24,2194.04,2151.695652173913,2463.0,2462.3513513513512,2461.72,2462.44,2463.0,2742.04,2731.72,2717.8,2743.0,2743.0,3040.68,3032.52,3041.0,3040.84,3040.92,759.0,0.0,0.0,766.219512195122,0.0,0.0,0.0,0.0,0.0,0.0,1335.0,0.0,0.0,1318.6,0.0,0.0,0.0,1609.857142857143,0.0,0.0,0.0,1893.3333333333333,0.0,0.0,0.0,2150.512195121951,2152.3333333333335,0.0,0.0,0.0,2461.8936170212764,2437.8571428571427,0.0,0.0,2461.8695652173915,0.0,0.0,0.0,2742.0697674418607,2742.121951219512,0.0,0.0,3015.0,0.0,0.0,0.0,0.0,0.0,767.8571428571429,0.0,0.0,0.0,1079.0,0.0,1075.0,0.0,0.0,1346.0,0.0,0.0,0.0,0.0,1611.842105263158,0.0,0.0,1927.0,1943.0,1943.8,0.0,0.0,2151.8888888888887,2200.0,0.0,0.0,2174.0,2463.315789473684,2485.0,0.0,0.0,2463.4210526315787,0.0,0.0,2742.6,2745.9523809523807,2746.8048780487807,0.0,0.0,3063.8,0.0,0.0
63,773.64,773.2608695652174,774.12,774.6,774.44,1067.0,1058.04,1067.0,1065.4,1065.88,1346.1666666666667,1334.76,1347.0,1346.1836734693877,1349.08,1607.48,1608.4054054054054,1583.0975609756097,1607.0,1607.0,1948.1818181818182,1921.3589743589744,1923.72,1923.0,1923.96,2184.92,2184.793103448276,2186.897435897436,2185.56,2164.68,2462.12,2447.32,2456.12,2455.96,2455.75,2717.88,2717.315789473684,2717.5,2717.978723404255,2717.612244897959,3034.5789473684213,3049.358974358974,3031.0,1326.84,3035.0,0.0,750.0,0.0,0.0,0.0,1066.2,0.0,1065.9268292682927,0.0,0.0,0.0,0.0,1346.3488372093022,0.0,0.0,0.0,1583.0,0.0,1606.3,1606.121951219512,1923.0,1907.0,0.0,1922.179487179487,0.0,0.0,2162.1111111111113,2159.0,0.0,0.0,0.0,0.0,0.0,0.0,0.0,0.0,0.0,0.0,0.0,0.0,0.0,2812.090909090909,3029.095238095238,0.0,3034.3846153846152,0.0,0.0,0.0,0.0,0.0,1067.0,0.0,1067.9,0.0,0.0,1357.0,0.0,1347.6511627906978,1355.0,0.0,0.0,1635.0,1606.5555555555557,1608.0232558139535,1607.878048780488,0.0,1947.3636363636363,0.0,1924.047619047619,0.0,0.0,2209.6666666666665,2212.2,0.0,0.0,0.0,0.0,0.0,0.0,2481.0,0.0,2741.6666666666665,2743.4,2740.3333333333335,2747.0,3057.6666666666665,0.0,3031.8695652173915,0.0,3039.5454545454545
64,708.9591836734694,452.51020408163265,708.2631578947369,709.08,709.64,1026.4782608695652,79.9090909090909,1016.04,1027.0,1027.0,1311.0,1310.076923076923,1299.72,1311.0,1311.0,1569.96,1564.2,1566.28,1559.8,1552.4222222222222,1881.695652173913,1882.7,1881.3829787234042,1882.6097560975609,1883.0,2172.2,2153.4,2172.04,2168.68,2170.2,2422.675675675676,2403.72,2446.512195121951,2422.0243902439024,2427.8,2713.4489795918366,2706.92,2700.84,2713.3255813953488,2713.285714285714,3019.24,2753.0,3027.3,3010.28,3019.24,0.0,0.0,0.0,0.0,0.0,1018.0,0.0,0.0,1025.8695652173913,1026.25,1310.142857142857,1284.142857142857,0.0,1310.3488372093022,1310.0222222222221,0.0,0.0,0.0,0.0,0.0,0.0,1855.0,0.0,1867.0,1881.8,0.0,0.0,0.0,0.0,0.0,2415.0,0.0,2422.0,0.0,0.0,0.0,0.0,0.0,0.0,2691.0,0.0,2439.0,3006.2,0.0,0.0,731.0,65535.0,733.0,0.0,0.0,0.0,901.6666666666666,0.0,1027.4102564102564,1027.1951219512196,1311.780487804878,1323.0,0.0,1311.6511627906978,1311.5,0.0,0.0,0.0,0.0,1572.6,1904.0,1908.3333333333333,1908.3333333333333,1907.0,1884.4736842105262,0.0,0.0,0.0,0.0,0.0,2445.0,0.0,2471.0,2444.3333333333335,0.0,2735.0,0.0,0.0,2737.285714285714,0.0,0.0,3051.0,3050.2,0.0,0.0
65,772.0612244897959,787.96,771.8,795.952380952381,787.56,1087.2790697674418,1086.8947368421052,1087.9565217391305,1088.531914893617,1088.1063829787233,1366.6,1366.063829787234,1367.0,1365.938775510204,1366.3469387755101,1638.7948717948718,1651.0,1641.7,1642.027027027027,1650.04,1951.9756097560976,1939.08,1928.128205128205,1927.5454545454545,1938.44,2247.88,2216.92,2237.1,2246.76,2238.6923076923076,2494.2,2508.6774193548385,2507.7179487179487,2495.64,2484.641025641026,2783.96,2782.92,2769.871794871795,2779.24,2770.7948717948716,3100.36,3080.75,3101.810810810811,3090.5348837209303,3090.659574468085,0.0,0.0,0.0,771.0,0.0,0.0,0.0,0.0,1079.0,0.0,0.0,1340.3333333333333,1366.0434782608695,1343.0,0.0,0.0,0.0,0.0,1635.0,0.0,1930.5,0.0,0.0,0.0,0.0,0.0,0.0,0.0,0.0,0.0,0.0,2483.7272727272725,2484.2,0.0,0.0,0.0,0.0,0.0,0.0,0.0,0.0,0.0,3079.0,0.0,0.0,795.0,0.0,796.6,803.0,0.0,1112.7142857142858,1111.6666666666667,1113.0,1109.0,1112.3333333333333,0.0,0.0,1367.923076923077,0.0,1375.0,1665.5454545454545,0.0,1667.8,1666.2,0.0,1979.0,0.0,1952.090909090909,1951.6666666666667,0.0,0.0,0.0,2261.4,0.0,2263.7272727272725,0.0,2532.0,2533.0,0.0,2513.181818181818,0.0,0.0,2808.818181818182,0.0,2800.090909090909,0.0,3143.0,3129.4,3121.285714285714,3121.6666666666665
66,756.04,755.0,755.0,755.0,755.96,1050.04,1070.76,1051.0,1050.36,1068.52,1333.0,1333.0444444444445,1333.204081632653,1340.2,1361.212765957447,1599.0,1599.0,1599.0,1600.04,1599.408163265306,1915.0,1914.12,1925.32,1937.7555555555555,1923.08,2210.44,2175.96,2217.32,2201.7555555555555,2201.723404255319,2471.0,2471.1,2498.4,2497.8571428571427,2487.56,2733.0,2737.24,2732.818181818182,2733.204081632653,2733.204081632653,3065.48,3038.76,3031.0,3031.0,3048.75,0.0,754.6190476190476,754.3,754.6444444444444,0.0,0.0,0.0,1049.842105263158,0.0,0.0,0.0,1308.3333333333333,0.0,0.0,1332.3333333333333,1598.6097560975609,1596.2,1598.4736842105262,0.0,0.0,1914.4285714285713,0.0,0.0,1915.8,0.0,0.0,0.0,0.0,0.0,2175.0,2470.5897435897436,2435.0,2470.2,2473.0,0.0,0.0,0.0,0.0,0.0,0.0,0.0,0.0,3030.404255319149,3030.5833333333335,583.0,0.0,756.2173913043479,755.8888888888889,755.5106382978723,0.0,0.0,0.0,1052.2307692307693,0.0,0.0,0.0,1357.0,1359.0,0.0,0.0,1599.7826086956522,1600.904761904762,1601.8444444444444,0.0,1627.0,1917.3636363636363,0.0,0.0,0.0,0.0,0.0,0.0,0.0,2223.8,2217.0,2475.2608695652175,2495.5,0.0,0.0,0.0,2758.3333333333335,0.0,2755.6666666666665,2743.0,2759.0,0.0,0.0,3032.2093023255816,3031.177777777778,0.0
67,751.0,749.8085106382979,751.0,751.0,751.0,1057.4,1057.6122448979593,1059.0,1057.72,1057.64,1350.52,1353.32,1335.88,1337.2978723404256,1337.6315789473683,1607.48,1607.0,1608.1914893617022,1608.12,1606.7551020408164,1967.72,1941.3673469387754,1972.84,1973.4,1951.0,2204.2,2179.24,2211.7179487179487,2212.1063829787236,2193.72,2471.96,2447.5,2457.1052631578946,2466.76,2481.4210526315787,2758.28,2718.52,2768.1063829787236,2765.0,2751.48,3057.32,3057.909090909091,3051.72,3051.96,3075.32,750.4666666666667,0.0,749.75,749.9565217391304,750.3333333333334,0.0,1031.0,1058.1836734693877,0.0,0.0,0.0,0.0,0.0,0.0,0.0,0.0,1606.0526315789473,0.0,0.0,0.0,0.0,0.0,0.0,1950.6,1950.2631578947369,0.0,0.0,2187.0,2191.0,0.0,0.0,0.0,0.0,0.0,2457.3333333333335,0.0,0.0,2744.3333333333335,2742.3333333333335,0.0,0.0,3021.0,0.0,0.0,0.0,751.4545454545455,773.6666666666666,751.2,751.4102564102565,751.6666666666666,0.0,0.0,1059.1,0.0,0.0,0.0,0.0,0.0,1360.3333333333333,1361.0,0.0,1609.6341463414635,1631.0,0.0,1615.0,0.0,2003.0,0.0,0.0,1956.75,0.0,0.0,0.0,0.0,0.0,0.0,2519.0,2479.3333333333335,0.0,0.0,0.0,0.0,0.0,0.0,0.0,0.0,3087.0,0.0,0.0,0.0
68,826.1304347826087,837.08,827.0,825.530612244898,827.0,1132.84,1147.0833333333333,1123.0,1123.0,1124.36,1414.04,1421.56,1431.3157894736842,1432.6,1431.0975609756097,1664.276595744681,1664.5813953488373,1663.9795918367347,1661.2978723404256,1663.909090909091,2004.2,2004.090909090909,1981.08,1980.6,1980.6888888888889,2267.8979591836733,2267.5,2267.0,2267.0,2267.0,2539.0,2538.288888888889,2538.04,2537.48,2539.0,2805.32,2815.24,2822.44,2818.84,2805.8,3146.7894736842104,3122.0526315789475,3128.28,3121.0,3133.56,819.0,0.0,826.04,815.0,825.96,0.0,1127.0,1122.6842105263158,1123.0,0.0,0.0,0.0,1408.3333333333333,0.0,1405.6666666666667,0.0,1637.857142857143,1635.0,1651.0,1638.3333333333333,0.0,1975.6666666666667,0.0,0.0,0.0,2259.0,2243.0,2266.4871794871797,2266.4736842105262,2266.157894736842,2538.2195121951218,2514.2,0.0,0.0,2538.0243902439024,0.0,0.0,0.0,0.0,0.0,3123.6666666666665,3097.5,0.0,0.0,0.0,851.0,0.0,827.0,0.0,827.0,0.0,0.0,1124.1063829787233,1123.96,0.0,0.0,0.0,0.0,0.0,0.0,1687.0,0.0,0.0,1685.0,0.0,0.0,0.0,0.0,0.0,2006.2,0.0,0.0,2268.0666666666666,2268.1555555555556,2268.1428571428573,2539.8571428571427,0.0,0.0,0.0,2539.878048780488,0.0,0.0,0.0,0.0,0.0,0.0,3158.0,0.0,0.0,0.0
69,740.84,727.88,739.64,739.2448979591836,740.2,1021.96,1019.16,1020.12,1031.842105263158,1023.0,1313.8,1311.32,1312.6,1312.12,1311.96,1575.0,1476.6666666666667,1575.72,1575.0,1575.72,1891.08,1815.88,1891.8333333333333,1892.76,1891.56,2182.36,2048.44,2157.2127659574467,2182.4545454545455,2181.4186046511627,2449.488888888889,2338.84,2456.12,2450.3333333333335,2454.52,2708.5454545454545,2602.217391304348,2708.6,2708.478260869565,2709.3478260869565,3027.0,2916.12,437.08,3036.92,3027.0,0.0,0.0,0.0,0.0,0.0,0.0,0.0,0.0,1007.3636363636364,0.0,0.0,0.0,0.0,0.0,0.0,1573.8292682926829,1355.0,0.0,1574.3333333333333,0.0,0.0,0.0,1883.0,0.0,0.0,0.0,0.0,0.0,2157.6666666666665,2156.714285714286,0.0,0.0,0.0,0.0,0.0,0.0,2503.0,0.0,0.0,0.0,3026.1428571428573,0.0,0.0,0.0,3026.906976744186,0.0,0.0,0.0,747.0,0.0,0.0,0.0,0.0,1039.0,0.0,0.0,0.0,0.0,0.0,0.0,1575.9473684210527,1599.0,0.0,1575.7441860465117,0.0,0.0,0.0,1903.0,0.0,0.0,0.0,0.0,2184.3333333333335,0.0,0.0,2472.6,0.0,0.0,2471.0,0.0,2734.3333333333335,2709.0,0.0,2730.0,2735.0,3029.232558139535,0.0,0.0,0.0,3028.795918367347
70,770.2,781.32,789.4,755.8571428571429,756.8095238095239,1090.52,1061.4,1089.64,1089.32,1090.76,1323.0,1343.0,1323.0,1322.12,1323.0,1643.72,1643.96,1643.6530612244899,1644.12,1643.0,1947.0,1947.0,1947.0,1947.0,1947.0,2205.72,2073.285714285714,2212.5510204081634,2212.04,2212.28,2437.56,2364.1666666666665,2461.9333333333334,2437.32,2436.68,2755.0,2648.68,2755.0,2753.96,2755.0,3043.72,2954.44,3039.0,1295.32,3042.04,0.0,0.0,0.0,0.0,0.0,0.0,0.0,0.0,0.0,0.0,1322.5348837209303,0.0,1322.7,0.0,1322.3333333333333,0.0,0.0,0.0,0.0,1642.578947368421,1946.4545454545455,1946.265306122449,1945.7619047619048,1946.6,1946.0833333333333,0.0,300.14285714285717,2187.0,0.0,0.0,0.0,1241.0,2436.6,0.0,0.0,2754.714285714286,0.0,2754.0,0.0,2754.4418604651164,0.0,0.0,2887.102564102564,0.0,0.0,0.0,0.0,0.0,808.0,808.5,0.0,0.0,0.0,0.0,0.0,1323.6222222222223,0.0,1323.936170212766,0.0,1323.7272727272727,0.0,0.0,1651.0,0.0,1644.0434782608695,1947.5454545454545,1947.0975609756097,1947.842105263158,1947.0,1947.2,0.0,2211.0,0.0,0.0,0.0,0.0,0.0,0.0,0.0,0.0,2755.68085106383,0.0,2755.6,0.0,2755.6363636363635,0.0,0.0,3040.2,0.0,0.0
71,762.7948717948718,771.88,761.4347826086956,761.3636363636364,761.4,1069.6382978723404,1069.8,1071.0,1071.0,1071.0,1364.8775510204082,1364.0232558139535,1366.0,1366.2727272727273,1373.48,1607.0,1604.68,1600.68,1593.7,1593.952380952381,1949.24,1967.24,1944.36,1943.24,1945.48,2180.36,2186.04,2190.8367346938776,2181.24,2185.8,2489.4,2488.6,2471.6530612244896,2478.52,2482.76,2751.4761904761904,2738.84,2742.36,2748.756097560976,2748.756097560976,3055.1632653061224,3066.52,3068.951219512195,3061.16,3060.28,755.0,0.0,0.0,0.0,0.0,1048.3333333333333,0.0,1070.4,1070.3170731707316,1069.7,0.0,0.0,0.0,0.0,0.0,0.0,0.0,0.0,0.0,0.0,0.0,0.0,0.0,0.0,0.0,0.0,0.0,0.0,0.0,0.0,0.0,0.0,0.0,0.0,0.0,0.0,0.0,0.0,2723.0,2725.0,0.0,0.0,3043.8,0.0,0.0,785.4,0.0,787.0,783.6666666666666,0.0,0.0,0.0,1073.3636363636363,1071.8372093023256,1072.0,1391.0,1389.2857142857142,1391.0,1387.0,0.0,0.0,0.0,0.0,1619.0,1618.0,0.0,0.0,0.0,0.0,0.0,0.0,0.0,2220.0,0.0,0.0,0.0,0.0,2495.0,0.0,0.0,2773.0,0.0,0.0,2774.4285714285716,2772.714285714286,3099.0,0.0,3096.0,0.0,0.0
72,727.88,726.6595744680851,727.0,727.64,727.0,1036.872340425532,1030.12,1035.090909090909,1037.8936170212767,1029.48,1304.157894736842,1310.2,1304.1162790697674,1303.7659574468084,1303.6666666666667,1568.76,1582.76,1568.44,1568.8775510204082,1569.32,1901.72,1900.76,1889.9,1896.84,1891.5263157894738,2165.96,2165.344827586207,2166.6,2167.5333333333333,2167.3555555555554,2448.04,2455.48,2449.16,2452.6,2461.3829787234044,2687.285714285714,2708.304347826087,2712.92,2725.32,2731.72,2983.5833333333335,2991.24,2995.72,2987.0,2991.32,0.0,701.6666666666666,726.4736842105264,0.0,725.974358974359,1017.6666666666666,0.0,1009.4,1013.6666666666666,0.0,0.0,0.0,0.0,0.0,0.0,0.0,0.0,0.0,0.0,0.0,0.0,0.0,0.0,0.0,0.0,0.0,2141.4,0.0,0.0,0.0,0.0,0.0,0.0,0.0,2439.0,0.0,2685.0,0.0,0.0,0.0,0.0,0.0,0.0,2986.2340425531916,0.0,0.0,0.0,728.0666666666667,0.0,728.1,0.0,0.0,1043.0,0.0,0.0,1327.6666666666667,0.0,1327.5714285714287,1329.6666666666667,1329.0,0.0,0.0,0.0,1595.0,0.0,0.0,0.0,1913.4,0.0,1915.0,0.0,2189.5454545454545,0.0,2192.6,2191.0,0.0,0.0,0.0,0.0,0.0,2712.0,2731.0,0.0,0.0,0.0,3009.0,0.0,0.0,2988.1162790697676,0.0
73,768.76,781.16,771.32,771.0,771.88,1057.8,1069.24,1057.48,1057.48,1059.0,1344.76,1342.92,1349.48,1358.8974358974358,1358.7333333333333,1604.84,1604.4,1605.48,1605.88,1605.88,1922.6,1915.4761904761904,1943.0,1941.88,1941.88,2180.12,2204.684210526316,2180.1428571428573,2180.36,2180.795918367347,2469.56,2465.48,2480.6,2483.48,2492.68,2735.0,2745.56,2760.7872340425533,2760.6,2733.9333333333334,3029.72,2884.04,3028.8333333333335,3029.0,3030.04,0.0,0.0,0.0,770.0,0.0,0.0,0.0,0.0,0.0,1058.0833333333333,0.0,0.0,0.0,1334.6363636363637,1334.2,0.0,0.0,0.0,0.0,0.0,0.0,0.0,1942.1304347826087,0.0,0.0,0.0,2181.285714285714,0.0,0.0,2171.0,0.0,0.0,0.0,0.0,0.0,2734.181818181818,0.0,2736.3333333333335,0.0,0.0,0.0,0.0,0.0,0.0,0.0,0.0,0.0,0.0,772.0,0.0,0.0,0.0,0.0,0.0,1059.2051282051282,0.0,0.0,0.0,0.0,0.0,0.0,1629.4,0.0,0.0,0.0,0.0,1948.5,1943.4,0.0,0.0,0.0,2227.8,2191.0,0.0,0.0,0.0,0.0,0.0,0.0,0.0,2735.5853658536585,0.0,0.0,0.0,2754.2,0.0,0.0,3055.0,0.0,0.0
74,720.36,720.5238095238095,720.2,719.8,720.44,1057.0,1031.0,1059.5581395348838,1058.68,1044.2,1321.4489795918366,1321.3809523809523,1322.04,1322.04,1321.8,1580.1162790697674,1590.84,1607.8979591836735,1608.84,1606.6097560975609,1924.4,1925.6666666666667,1896.795918367347,1898.2558139534883,1899.0,2197.32,2190.68,2198.76,2197.32,2195.48,2455.0,2463.56,2472.52,2471.16,2463.96,2724.5652173913045,2740.36,2724.7021276595747,2724.688888888889,2731.0,3039.0,3049.0,3041.32,3035.2926829268295,3063.125,0.0,0.0,0.0,0.0,0.0,1031.0,1030.7948717948718,1035.0,0.0,0.0,0.0,0.0,0.0,0.0,0.0,0.0,0.0,1583.0,0.0,1581.0,1898.6,1899.0,0.0,0.0,1897.9268292682927,0.0,0.0,0.0,0.0,0.0,2454.3,0.0,0.0,0.0,0.0,0.0,0.0,0.0,0.0,0.0,0.0,0.0,0.0,0.0,3039.6666666666665,0.0,746.5,0.0,0.0,0.0,1067.0,1035.5833333333333,0.0,0.0,0.0,1331.0,1345.0,0.0,0.0,0.0,1605.857142857143,0.0,0.0,0.0,1615.0,0.0,0.0,1911.0,1922.4285714285713,1904.025641025641,0.0,0.0,0.0,0.0,0.0,2456.953488372093,0.0,0.0,0.0,0.0,2750.0,0.0,2748.3333333333335,2747.8,0.0,3065.222222222222,0.0,0.0,3059.4444444444443,3089.0
75,787.0,393.18,392.62,787.0,787.0,1043.0,521.58,521.9,1043.0,1043.0,1324.44,661.98,662.14,1324.12,1323.0,1561.08,780.62,780.94,1561.32,1561.56,1900.142857142857,950.38,950.78,1899.72,1900.6326530612246,2142.36,1071.1,1071.26,2142.04,2142.36,2453.204081632653,1227.42,1226.78,2453.4,2453.08,2697.16,1349.02,1348.7,2697.56,2697.08,2983.0,1490.22,1490.54,2981.88,2981.8,786.5102040816327,0.0,0.0,786.1020408163265,786.12,1042.0,0.0,0.0,1041.871794871795,1041.8,0.0,0.0,0.0,0.0,1322.8947368421052,0.0,0.0,0.0,0.0,0.0,0.0,0.0,0.0,0.0,0.0,0.0,0.0,0.0,0.0,0.0,2443.0,0.0,0.0,0.0,0.0,0.0,0.0,0.0,0.0,0.0,2981.938775510204,0.0,0.0,0.0,0.0,787.0909090909091,0.0,0.0,787.1,787.0,1043.9756097560976,0.0,0.0,1044.1,1044.0526315789473,0.0,0.0,0.0,0.0,1323.9795918367347,0.0,0.0,0.0,0.0,0.0,1943.0,0.0,0.0,0.0,1947.0,0.0,0.0,0.0,0.0,0.0,0.0,0.0,0.0,0.0,0.0,0.0,0.0,0.0,0.0,0.0,2983.102564102564,0.0,0.0,0.0,0.0
