23_6000_mean_middle,23_16800_mean_middle,18_3000_mean_middle,18_16800_mean_middle,23_10000_mean_middle,13_6000_mean_middle,18_6000_mean_middle,13_3000_mean_middle,18_8000_mean_middle,13_10000_mean_middle,28_16800_mean_middle,18_10000_mean_middle,13_8000_mean_middle,53_8000_mean_middle,53_6000_mean_middle,53_10000_mean_middle,53_3000_mean_middle,33_16800_mean_middle,13_16800_mean_middle,53_16800_mean_middle,43_8000_mean_middle,18_6000_mean_upper,38_3000_mean_upper,38_8000_mean_middle,18_6000_mean_lower,28_8000_mean_upper,23_6000_mean_upper,13_10000_mean_upper,13_6000_mean_lower,13_6000_mean_upper,43_6000_mean_upper,28_6000_mean_upper,33_8000_mean_upper,33_3000_mean_upper,13_3000_mean_upper,18_3000_mean_upper,18_10000_mean_lower,13_8000_mean_upper,43_8000_mean_upper,18_10000_mean_upper,43_3000_mean_upper,28_10000_mean_upper,33_6000_mean_upper,18_8000_mean_upper,13_10000_mean_lower,28_16800_mean_lower,23_6000_mean_lower,33_10000_mean_upper,23_8000_mean_upper,38_8000_mean_upper,Sensor ID
1328.2,1302.076923076923,1069.24,1069.2857142857142,1303.0,827.0,1069.4,827.0,1069.6122448979593,827.0,1590.3846153846157,1071.0,827.0,2995.0,2995.2051282051284,2995.0,2995.0,1959.0,827.0,3006.5,2443.88,0.0,0.0,2248.12,0.0,1597.046511627907,0.0,827.0,826.36,827.0,0.0,1595.5333333333333,1959.8979591836733,1959.923076923077,827.0952380952381,0.0,1070.04,827.0909090909091,0.0,1071.0,0.0,1592.6190476190477,1960.0731707317077,1079.0,826.52,0.0,0.0,1960.021276595745,1354.2727272727273,0.0,1
1235.0,1247.56,967.2608695652174,954.2,1235.0,679.0,954.52,679.0,955.56,679.64,1522.92,943.0,679.0,1891.24,2951.0,2972.36,2945.8,1811.3636363636365,679.0,1855.878048780488,2381.16,0.0,2123.8,2117.72,0.0,1539.0,1235.9795918367347,0.0,678.9047619047619,679.6530612244898,2398.428571428572,0.0,1839.857142857143,1839.857142857143,679.8888888888889,975.0,942.1666666666666,679.0888888888888,0.0,944.0,2395.0,0.0,1839.8695652173917,0.0,0.0,0.0,1234.8947368421052,1839.842105263158,1235.8,0.0,2
1296.5111111111112,1296.6744186046512,1007.0,1020.92,1297.212765957447,717.24,1005.96,718.04,1006.0697674418604,717.88,1584.2444444444443,1029.9333333333334,718.04,2997.32,3000.44,2996.12,2995.4,1888.6,717.7272727272727,2992.84,2440.92,0.0,2185.8571428571427,2163.9166666666665,0.0,0.0,1321.0,0.0,0.0,0.0,0.0,1581.6666666666667,0.0,0.0,0.0,1008.6842105263158,1007.0,0.0,0.0,0.0,0.0,1587.0,0.0,1030.428571428571,0.0,1561.4,1287.0,0.0,1317.0,2187.0,3
1318.6521739130435,1319.0,1028.84,1031.0,1317.64,736.92,1087.0,737.16,1063.24,737.08,1628.469387755102,1030.3513513513512,736.68,2999.0,2999.0,2999.0,2999.0,1923.0,736.84,2999.608695652174,2486.404255319149,1105.909090909091,0.0,2224.04,1030.2,0.0,1368.3333333333333,0.0,0.0,0.0,0.0,1683.0,1971.6666666666667,1924.021276595745,0.0,0.0,1023.0,0.0,0.0,1104.3333333333333,0.0,0.0,1931.0,0.0,0.0,0.0,1311.0,1971.0,0.0,0.0,4
1332.92,1332.76,1047.2448979591836,1045.6976744186047,1333.48,743.0,1046.2888888888888,741.88,1047.24,743.0,1587.48,1046.1020408163265,743.0,2110.76,3034.76,3073.612244897959,3045.468085106383,1902.441860465116,742.8947368421053,3058.44,2471.0,0.0,0.0,2173.4,1022.2,0.0,0.0,743.6511627906976,742.6190476190476,743.695652173913,2473.4186046511627,0.0,1903.102564102564,1903.1818181818185,0.0,0.0,0.0,743.7272727272727,2471.4,1055.0,0.0,0.0,1903.7179487179487,0.0,742.3488372093024,0.0,0.0,1904.636363636364,0.0,2197.4,5
1279.0,1285.72,1033.2564102564102,1057.0408163265306,1289.24,0.0,1044.36,759.24,1032.3877551020407,750.76,1595.4,1032.9166666666667,748.2,3021.56,3034.555555555556,3018.44,3010.2820512820517,1896.6666666666667,759.72,3027.4,2471.88,0.0,2219.0,2191.425531914894,0.0,1587.571428571429,1283.7111111111112,0.0,0.0,152.12,0.0,1585.9473684210527,0.0,0.0,0.0,1057.1818181818182,0.0,0.0,0.0,1059.0,0.0,1589.7368421052631,1923.0,1055.0,0.0,0.0,1278.4736842105262,0.0,0.0,2217.6666666666665,6
1307.0,1318.28,1044.36,1042.8367346938776,1306.1,736.12,1044.44,737.0,1045.08,736.12,1580.36,1043.65306122449,735.56,3026.12,3027.470588235294,3030.36,2999.32,1895.32,734.4,2836.583333333333,2454.92,0.0,0.0,2181.96,0.0,1595.0,1308.8947368421052,0.0,0.0,0.0,0.0,1603.0,1911.3902439024391,1911.1,0.0,0.0,1035.0,0.0,0.0,0.0,0.0,0.0,0.0,0.0,0.0,0.0,1305.8837209302326,0.0,0.0,0.0,7
1357.72,1349.8695652173913,1060.68,1068.5454545454545,1348.68,751.8888888888889,1045.095238095238,752.6585365853658,1045.32,752.4736842105264,1628.84,1045.32,753.0952380952381,3047.8,3035.0,3036.904761904762,3036.1,1918.52,777.046511627907,3036.428571428572,2490.2,1068.5,2197.6341463414637,2195.0,0.0,1642.5,0.0,776.6666666666666,0.0,779.0,2493.243902439024,1643.8,1929.6315789473683,0.0,776.3333333333334,0.0,0.0,777.0,2512.6,0.0,2515.6666666666665,0.0,1951.571428571429,0.0,0.0,0.0,0.0,0.0,1359.0,2203.4210526315787,8
1373.125,1441.8333333333333,1109.16,1107.9795918367347,1412.28,828.2,1108.28,827.0,1108.2,827.0,1611.0,1108.52,828.04,3054.5652173913045,3016.2,3056.583333333333,3029.4,1949.4,790.44,2757.488888888889,2484.818181818182,0.0,0.0,2213.612244897959,0.0,0.0,1441.6666666666667,827.5454545454545,0.0,0.0,2483.0,1612.090909090909,1947.25,1947.744186046512,827.8695652173913,0.0,0.0,0.0,0.0,0.0,0.0,1612.128205128205,1947.72,0.0,826.4545454545455,1610.4893617021276,1322.6666666666667,1947.5106382978724,0.0,0.0,9
1365.72,1368.84,1083.0,1074.44,1373.6938775510205,771.56,1081.4,771.9795918367347,1083.0,795.0,1628.2682926829268,1081.72,771.3333333333334,3075.0,3052.2,3075.0,3051.8,1934.2,779.8,3078.68,2516.6,0.0,0.0,2208.84,0.0,0.0,0.0,0.0,0.0,0.0,2520.777777777778,0.0,0.0,1943.355555555556,799.0,1083.5263157894738,0.0,797.0,0.0,0.0,0.0,1628.6,0.0,1084.142857142857,770.2,0.0,0.0,0.0,0.0,0.0,10
1347.0,1345.428571428571,1066.12,1082.36,1344.4736842105262,749.64,1090.2,776.52,1063.4166666666667,749.48,1611.977777777778,1067.0,749.204081632653,3059.0,3046.28,3059.32,3037.190476190476,1925.88,774.8709677419355,3059.75,2463.4651162790697,0.0,0.0,2192.12,1063.0,1637.6666666666667,1348.4634146341464,0.0,0.0,0.0,0.0,0.0,1928.2,0.0,0.0,0.0,1066.0,775.0,2486.428571428572,1067.2051282051282,2507.0,0.0,0.0,1091.0,0.0,1590.0,1346.0243902439024,0.0,0.0,0.0,11
1329.8,1314.68,1043.8333333333333,1037.0,1329.530612244898,755.0,1044.04,754.52,1043.0,754.5918367346939,1585.48,1043.0,755.0,3034.1020408163267,3032.0731707317077,3033.72,3016.469387755102,1911.48,755.0,3035.0,2467.0,0.0,0.0,2183.0,0.0,1595.6315789473683,0.0,763.0,753.9268292682926,755.9230769230769,0.0,1603.0,1927.0,1927.0,0.0,1051.0,1042.6923076923076,755.7,2467.8571428571427,1043.936170212766,0.0,0.0,0.0,1043.8333333333333,0.0,0.0,0.0,1926.2,0.0,0.0,12
1328.6,1328.04,1035.0,1035.0,1329.16,720.0526315789474,1035.0,745.7272727272727,1033.56,719.6086956521739,1598.28,1034.2,731.96,3035.0,3035.0,3035.222222222222,3025.72,1893.5454545454545,744.5454545454545,3028.12,2452.5813953488373,1035.2926829268292,0.0,2176.28,1034.2340425531916,1585.2,0.0,746.0,0.0,745.0,2477.0,0.0,1919.0,0.0,0.0,1036.5813953488373,0.0,0.0,2476.714285714286,0.0,2477.6666666666665,0.0,1918.0,0.0,0.0,0.0,0.0,0.0,1346.2727272727273,0.0,13
1311.0,1310.52,1024.04,1023.0,1318.84,733.24,1023.0,733.16,1023.56,733.32,1579.96,1022.44,733.24,3014.04,3014.92,3014.12,3021.16,1911.0,733.56,3020.44,2446.1428571428573,1024.0666666666666,0.0,2178.04,1022.4736842105264,1595.0,1312.1818181818182,0.0,0.0,0.0,2471.0,0.0,0.0,0.0,0.0,0.0,0.0,0.0,2467.4444444444443,0.0,2467.0,0.0,1911.0,0.0,0.0,0.0,1310.4146341463415,0.0,1311.4761904761904,0.0,14
1303.96,1303.3809523809523,1042.265306122449,1043.0,1303.65306122449,751.0,1043.0,750.1304347826087,1045.0408163265306,751.0,1592.1914893617022,1044.8333333333333,751.0,3041.2127659574467,3029.8571428571427,3040.30612244898,3019.782608695652,1902.2888888888888,739.0,3055.16,2464.2,1043.878048780488,0.0,2168.04,1042.142857142857,0.0,0.0,751.4878048780488,749.1224489795918,751.0975609756098,2475.0,0.0,1879.8372093023256,1880.531914893617,0.0,1051.0,1021.0,751.1818181818181,0.0,0.0,0.0,0.0,1881.7555555555557,0.0,749.9565217391304,1571.0,0.0,0.0,1304.1162790697674,0.0,15
1353.56,1361.3,1057.938775510204,1069.48,1352.44,788.2,1068.12,763.0930232558139,1058.4,780.92,1630.7837837837835,1057.88,778.12,3035.0,3035.818181818182,3035.3076923076924,3062.84,1934.84,787.96,3051.64,2475.0,0.0,2230.6363636363635,2203.8,0.0,1628.3333333333333,0.0,0.0,762.2,0.0,2475.5853658536585,0.0,0.0,1938.0,789.2857142857143,1067.0,0.0,0.0,2475.279069767442,0.0,2502.2,1627.0,1942.111111111111,1083.8,0.0,1607.0,0.0,1942.111111111111,0.0,0.0,16
1309.4,1319.24,1018.28,1023.0,1307.0,732.68,1018.04,731.96,1020.92,733.0,1572.84,1021.64,732.6,3025.4489795918366,3025.0,3025.8,3027.0,1878.744680851064,732.68,3010.12,2443.96,0.0,0.0,2203.190476190476,0.0,0.0,0.0,0.0,0.0,0.0,2444.116279069768,0.0,1879.75,1879.595744680851,0.0,0.0,0.0,0.0,0.0,0.0,0.0,0.0,1879.8,0.0,0.0,0.0,0.0,1909.0,0.0,0.0,17
1313.96,1319.32,1023.2553191489362,1034.44,1306.9,729.72,1031.16,729.8571428571429,1022.3191489361702,730.28,1580.84,1024.36,739.4,3018.12,3027.0,3016.68,3015.0,1910.3,741.16,2993.08,2458.44,0.0,2200.333333333333,2175.08,0.0,0.0,0.0,0.0,0.0,0.0,0.0,1603.0,0.0,1891.19512195122,755.0,1041.6666666666667,0.0,0.0,0.0,0.0,0.0,0.0,0.0,1044.3333333333333,0.0,0.0,0.0,0.0,0.0,0.0,18
1319.0,1319.936170212766,1035.0,1033.893617021277,1319.0,734.52,1035.0,729.56,1036.44,743.0,1579.0,1035.0,743.0,3038.68,3029.32,3030.6,3031.24,1904.68,744.3617021276596,3037.8,2456.276595744681,1035.9302325581396,0.0,2179.4,1034.3170731707316,1605.0,1319.9302325581396,743.8421052631579,0.0,0.0,2485.0,1603.0,1896.8461538461536,1920.0,0.0,1035.936170212766,1033.893617021277,744.1,2483.0,1035.4102564102564,2458.2380952380954,0.0,1895.5128205128208,0.0,741.6666666666666,1577.8837209302326,1318.3,1919.0,1319.857142857143,0.0,19
1332.04,1049.88,1021.32,706.12,1332.0434782608695,680.3877551020408,1021.88,680.3913043478261,1021.72,681.48,396.1707317073171,1023.0,679.0,3031.0,3031.0,3030.894736842105,3024.68,1239.8,411.0,399.0975609756098,2462.68,0.0,0.0,2195.0,0.0,0.0,0.0,0.0,0.0,707.0,0.0,0.0,0.0,0.0,0.0,0.0,1021.938775510204,680.3333333333334,0.0,1023.1052631578948,0.0,0.0,1911.5,0.0,0.0,0.0,0.0,1911.0,0.0,2195.651162790697,20
1325.8,259.09302325581393,1035.0,1045.96,1323.0,739.4,1035.0,739.72,1035.0,740.04,1606.047619047619,1045.72,739.6530612244898,3044.6363636363635,3044.155555555556,3043.0,3043.8,1926.44,740.04,3044.75,2449.818181818182,1035.4651162790697,0.0,2181.048780487805,1034.3777777777775,1607.0,0.0,0.0,0.0,0.0,0.0,0.0,1931.0,0.0,0.0,1036.4222222222222,0.0,0.0,2475.0,0.0,2472.333333333333,0.0,0.0,1035.4545454545455,0.0,1582.0,0.0,0.0,1347.0,0.0,21
1353.32,1359.08,1046.04,1046.6,1332.6744186046512,841.16,1045.64,840.68,1045.24,840.76,1600.84,1045.72,840.84,3024.84,3013.72,3025.32,3063.372093023256,1967.085106382979,841.08,2906.2820512820517,2445.583333333333,0.0,0.0,2199.390243902439,0.0,0.0,0.0,0.0,0.0,0.0,0.0,0.0,1975.0,0.0,0.0,0.0,0.0,0.0,2471.0,0.0,2470.0,0.0,0.0,0.0,0.0,0.0,0.0,1967.923076923077,1380.6,2225.5,22
1351.96,1359.8,1056.5510204081634,1069.64,1357.88,745.1904761904761,1065.56,771.7441860465116,1067.8,771.1739130434783,1635.6666666666667,1071.88,752.52,3074.04,3064.04,3059.96,3069.08,1937.72,781.16,3057.72,2479.972972972973,0.0,0.0,2183.9,0.0,0.0,0.0,0.0,0.0,771.5,2479.372093023256,0.0,1956.2631578947369,1975.888888888889,0.0,1079.0,0.0,0.0,2504.090909090909,0.0,2503.0,0.0,1972.3333333333333,0.0,746.0,1611.3636363636365,0.0,1975.0,0.0,2208.2,23
1316.84,1322.28,1031.88,1034.36,1307.0,730.44,1020.3,730.28,1019.936170212766,729.4,1592.8666666666666,1020.28,731.0,3016.387755102041,3017.5454545454545,3016.12,3016.4736842105262,1885.1739130434785,744.92,3014.909090909091,2440.2380952380954,1045.8,0.0,2169.333333333333,0.0,0.0,0.0,0.0,0.0,0.0,0.0,0.0,1907.571428571429,1907.909090909091,0.0,0.0,0.0,731.8,2464.0,0.0,0.0,0.0,1907.5833333333333,1047.0,0.0,1567.8,0.0,1907.1,0.0,2195.0,24
1341.5777777777778,1357.64,1062.68,1080.0731707317073,1341.4615384615386,790.3170731707318,1054.8222222222223,776.92,1053.4888888888888,776.76,1627.0,1071.56,775.64,3078.76,3080.12,3078.52,3071.8888888888887,1921.08,779.16,3079.8,2476.333333333333,1082.0,2253.0,2218.36,1043.0,1653.0,1367.0,0.0,766.5555555555555,0.0,2499.8,1651.0,0.0,0.0,0.0,0.0,0.0,0.0,2498.2,0.0,2503.8888888888887,1655.0,0.0,1079.8,0.0,1626.3846153846157,0.0,0.0,1368.3333333333333,0.0,25
1349.0,1346.52,1067.08,1050.2,1348.68,775.0,1067.0,774.2,1067.8,774.04,1610.6,1067.0,774.12,3060.6,3052.1428571428573,3047.833333333333,3058.12,1913.24,773.8,3057.16,2467.4210526315787,1068.1162790697674,0.0,2200.2,1066.2631578947369,1619.7,0.0,0.0,773.9268292682926,775.9230769230769,0.0,0.0,1923.0,0.0,0.0,0.0,0.0,0.0,2491.0,0.0,0.0,1619.9,0.0,0.0,0.0,0.0,0.0,0.0,0.0,0.0,26
1334.76,1333.8695652173913,1048.36,696.76,1335.0,763.16,1048.12,763.0,1048.36,763.0,1625.9333333333334,1048.84,762.3469387755102,3042.92,3052.6666666666665,3029.7906976744184,3055.0,1933.9166666666667,779.24,3062.92,2465.3673469387754,0.0,2171.8205128205127,2170.92,0.0,0.0,0.0,763.7441860465116,0.0,0.0,0.0,0.0,0.0,0.0,764.4285714285714,0.0,0.0,771.0,2487.0,0.0,2471.4102564102564,0.0,0.0,0.0,762.1428571428571,1599.8,0.0,0.0,1343.0,0.0,27
1331.48,1313.08,1039.0,1039.0,1330.84,757.64,1039.0,757.08,1039.0,755.0,1592.68,1039.0,755.96,3059.56,3037.64,3073.5263157894738,3034.0222222222224,1908.2,749.8,3023.5405405405404,2459.72,1039.75,0.0,2185.333333333333,1038.8048780487804,1603.0,0.0,755.5333333333333,0.0,0.0,0.0,1603.0,1903.8,0.0,0.0,1039.5,1038.6279069767445,0.0,0.0,1039.608695652174,0.0,1592.047619047619,0.0,1039.65306122449,754.4545454545455,0.0,0.0,0.0,0.0,0.0,28
1355.6315789473683,1355.88,1069.72,1069.4489795918366,1356.6,751.5714285714286,1069.56,751.8,1069.8,775.0,1619.0,1069.32,761.72,3066.92,3073.8695652173915,3048.5813953488373,3074.720930232558,1928.4222222222224,766.76,3066.84,2480.92,0.0,2191.8695652173915,2191.408163265306,0.0,0.0,1380.3333333333333,775.8421052631579,0.0,774.0,0.0,0.0,0.0,1951.0,0.0,0.0,0.0,0.0,0.0,0.0,0.0,0.0,0.0,0.0,773.0,1616.8,0.0,0.0,0.0,2219.0,29
1312.68,1312.021276595745,1042.12,1056.9,1312.12,745.7755102040817,1049.32,745.530612244898,1032.795918367347,747.0,1589.96,1044.76,747.0,3049.72,3027.72,3047.96,3017.0,1900.12,757.72,3054.76,2466.6,0.0,0.0,2193.48,0.0,1604.8181818181818,0.0,749.8421052631579,0.0,775.0,0.0,0.0,1915.6666666666667,1915.0,767.0,0.0,0.0,747.5263157894736,0.0,0.0,0.0,1604.3333333333333,0.0,1059.0,745.9090909090909,0.0,0.0,0.0,1332.3333333333333,0.0,30
1331.44,1346.72,1057.6262626262626,821.2,1331.92,765.56,1057.44,765.64,1057.52,765.6262626262626,1622.08,1057.28,766.12,3090.0,3089.56,3090.1111111111118,3090.48,1923.4,765.6938775510204,3088.12,2511.0,0.0,0.0,2188.08,0.0,0.0,0.0,775.0,0.0,0.0,0.0,0.0,0.0,0.0,0.0,0.0,0.0,0.0,2515.4444444444443,0.0,0.0,0.0,0.0,0.0,0.0,0.0,0.0,0.0,0.0,0.0,32
1319.0,1319.0,1024.7777777777778,1035.64,1319.0,779.2758620689655,1025.72,736.64,1024.8,755.0,1595.28,1024.8181818181818,755.4675324675325,3049.026666666666,3047.5714285714284,3040.48,3042.0,1899.96,779.530612244898,3016.896907216495,2456.2380952380954,0.0,2185.823529411765,2175.4,0.0,1601.0,1319.5176470588235,755.8275862068965,755.3076923076923,0.0,2480.846153846154,0.0,1918.2,0.0,0.0,1035.0,0.0,779.1818181818181,2479.5,1035.0,2481.222222222222,1603.0,1919.5,0.0,754.4022988505748,0.0,1318.3258426966293,1919.3636363636365,1319.7228915662652,0.0,33
1259.0,1258.3734939759036,969.52,969.4691358024692,1258.0707070707072,653.6823529411764,969.5858585858584,675.989247311828,969.7070707070708,665.68,1494.578947368421,969.48,665.24,2948.090909090909,2939.96,2941.04,2944.301204819277,1828.857142857143,658.92,2940.92,2363.6,979.0,2107.0,2096.3164556962024,0.0,1521.7692307692307,1259.7692307692307,0.0,0.0,677.9333333333333,2363.9,1503.470588235294,1855.0,1852.3333333333333,0.0,0.0,0.0,0.0,0.0,0.0,2364.0526315789475,1522.6666666666667,0.0,979.0,0.0,0.0,1257.964705882353,0.0,0.0,0.0,34
1300.6774193548388,1301.4651162790697,1012.72,1011.8,1301.0869565217392,861.84,1012.24,804.32,1012.3737373737374,861.64,1587.76,1012.3333333333334,863.0,3017.12,3029.813186813187,3014.76,3029.8,1924.4,861.6262626262626,3015.72,2475.0,0.0,2189.782608695652,2189.88,0.0,1666.3684210526317,1349.4,0.0,0.0,0.0,0.0,1639.0,0.0,0.0,0.0,0.0,1003.0,863.1012658227849,2477.6987951807228,0.0,0.0,0.0,0.0,1023.0,0.0,0.0,1291.0,0.0,0.0,0.0,35
1345.574712643678,1353.44,1064.4949494949494,1054.88,1345.72,743.68,1067.0,743.36,1067.0,743.52,1616.857142857143,1067.0,743.6,1856.68,3047.903225806452,3085.712643678161,3043.56,1950.28,743.9620253164557,3077.44,2459.8,1068.2857142857142,0.0,2196.454545454545,1066.1052631578948,1627.0,1368.8461538461538,0.0,0.0,0.0,0.0,1619.9156626506024,1963.0,0.0,0.0,0.0,1066.2444444444443,0.0,0.0,1067.4819277108434,0.0,0.0,0.0,1067.8636363636365,0.0,1595.0,0.0,1957.4,0.0,0.0,36
1311.0,1307.888888888889,984.84,975.5473684210526,1311.24,739.76,975.757894736842,739.7272727272727,975.4848484848484,739.8080808080808,1561.379746835443,975.6464646464648,739.929292929293,405.59090909090907,3018.1724137931037,3047.848484848485,3019.0,1903.530120481928,597.24,383.7894736842105,2433.488888888889,995.0,0.0,2172.212121212121,0.0,0.0,1311.7710843373493,0.0,0.0,0.0,2457.782608695652,1595.0,1903.93023255814,1903.629213483146,0.0,0.0,0.0,0.0,2456.6,999.0,2463.0,0.0,1903.7058823529408,0.0,715.0,473.75,1309.952380952381,1904.10843373494,0.0,0.0,37
1348.84,1348.0,1102.36,1075.96,1348.72,753.28,1101.6666666666667,752.72,1102.125,752.32,1663.0,1067.8,753.72,421.8085106382979,3014.0,3053.595744680851,3014.182795698925,1937.16,753.4,3035.28,2435.0,0.0,0.0,2199.0,1028.0,0.0,0.0,0.0,0.0,0.0,2443.0,0.0,0.0,0.0,0.0,0.0,0.0,0.0,2435.423529411765,0.0,2435.9876543209875,0.0,0.0,0.0,0.0,1661.571428571429,0.0,0.0,0.0,2200.1428571428573,38
1340.3877551020407,1373.8354430379748,1071.0,1071.0,1323.0,865.6,1071.0,867.0,1071.0,865.989898989899,1578.560975609756,1071.0,864.84,2991.0,2995.742268041237,2991.0,2991.0,1947.0,867.0,2991.5128205128203,2437.8282828282827,1071.893617021277,2240.0526315789475,2239.0,1070.7037037037037,0.0,1471.0,875.0,0.0,0.0,2462.5,0.0,1947.584269662921,1947.5393258426968,867.2962962962963,1071.9462365591398,1070.4352941176471,0.0,2463.0,1071.7191011235957,2439.4102564102564,0.0,1947.7272727272727,1071.860215053763,0.0,0.0,0.0,1947.6265060240964,1324.1358024691358,2239.8172043010754,39
1321.64,1308.8,1040.2,1039.6382978723404,1321.76,728.88,1039.0,728.96,1042.76,738.2,1586.76,1041.585858585859,728.96,3023.6,3009.368421052632,3027.68,3040.44,1924.0,728.6190476190476,3031.0,2457.88,1043.8,0.0,2187.6,1035.0,1595.7179487179487,0.0,0.0,0.0,0.0,2470.818181818182,1603.0,0.0,0.0,0.0,0.0,0.0,0.0,0.0,1051.0,0.0,0.0,1955.0,0.0,0.0,0.0,0.0,1956.5384615384612,0.0,0.0,40
1312.28,1323.0,1037.3820224719102,1034.7530864197531,1299.047619047619,721.6823529411764,1010.9466666666668,721.96,1037.6813186813188,721.84,1593.2680412371135,1028.08,722.12,3028.1139240506327,3027.0,3028.217391304348,3027.0,1901.6818181818185,739.04,3018.84,2455.96,1037.72,2185.909090909091,2172.56,0.0,0.0,0.0,0.0,0.0,746.2,0.0,0.0,1928.25,1904.3658536585365,0.0,0.0,0.0,0.0,0.0,0.0,2464.2631578947367,0.0,1905.4878048780488,0.0,0.0,1567.0,0.0,1905.439024390244,0.0,0.0,41
1304.292929292929,1304.1612903225807,1017.32,1000.72,1303.64,716.24,1017.72,709.8915662650602,1017.52,710.1460674157304,1567.0,1017.56,709.5,395.3373493975904,2999.5714285714284,3027.0,2996.56,1895.88,724.84,2773.989010989011,2431.4,0.0,2172.5652173913045,2148.409090909091,0.0,1591.0,0.0,733.9090909090909,0.0,0.0,2446.7894736842104,1591.0,0.0,0.0,733.3529411764706,0.0,0.0,731.6666666666666,0.0,0.0,0.0,1591.0,0.0,0.0,0.0,1542.4,1295.0,0.0,0.0,2171.333333333333,42
1325.5454545454545,1325.2222222222222,1038.8588235294117,1039.0,1325.56,719.0,1039.0,719.0,1045.6,719.0,1587.3456790123455,1039.0,719.0,3043.044943820225,3042.222222222222,3042.492957746479,3041.773333333333,1916.64,719.0,3030.48,2477.5416666666665,1062.2,0.0,2187.577319587629,0.0,0.0,1335.0,719.5714285714286,718.6315789473684,720.0322580645161,0.0,1610.3846153846157,0.0,0.0,719.8842105263158,1061.571428571429,1038.3411764705882,719.9263157894737,0.0,1039.9767441860463,0.0,1609.1818181818182,1951.470588235294,0.0,718.9069767441861,0.0,0.0,0.0,1335.0,0.0,43
1301.92,1301.212765957447,1018.6767676767676,1006.24,1301.36,699.56,1019.4848484848484,699.28,1018.24,699.4,1567.6666666666667,1019.12,699.64,3027.92,3017.481012658228,3027.48,3024.2,1898.64,699.3218390804598,3001.32,2419.36,0.0,2167.0,2143.2978723404253,1011.0,1591.0,0.0,0.0,0.0,0.0,0.0,0.0,0.0,0.0,0.0,1027.0,0.0,0.0,0.0,0.0,0.0,0.0,1907.5,0.0,0.0,0.0,0.0,1907.0,0.0,0.0,44
1339.96,1340.4,1052.16,1044.6,1340.2,745.9090909090909,1052.292929292929,745.96,1052.32,746.12,1631.08,1052.090909090909,745.56,3048.76,3048.96,3048.84,3043.96,1905.56,770.1168831168832,3041.88,2480.28,0.0,2231.4,2207.64,1027.0,1641.2222222222222,0.0,0.0,0.0,755.0,0.0,0.0,0.0,0.0,0.0,0.0,1027.0,0.0,0.0,0.0,0.0,0.0,1921.6666666666667,0.0,0.0,0.0,0.0,1920.0,0.0,0.0,45
1317.2916666666667,1317.1777777777777,1029.04,1030.3563218390805,1317.3820224719102,715.0,1031.0,715.0,1030.08,715.0,1579.5360824742268,1029.88,715.0,3041.5777777777776,3041.3058823529414,3041.3030303030305,3018.695652173913,1897.530612244898,713.92,3026.8,2461.64,1031.4761904761904,0.0,2194.16,1030.2444444444443,0.0,1341.0,715.6,714.1058823529412,715.7407407407408,0.0,0.0,0.0,0.0,716.0232558139535,0.0,0.0,716.0731707317074,0.0,0.0,0.0,1603.0,0.0,0.0,714.1397849462365,0.0,0.0,1924.6470588235293,0.0,0.0,46
1273.2068965517242,1272.591836734694,964.548387096774,978.8,1263.92,700.64,964.1428571428572,687.52,963.8888888888888,700.6969696969697,1496.48,964.2929292929292,700.48,2492.896907216495,2435.775510204081,2516.918367346939,2073.28,1659.2424242424242,683.64,1797.1224489795918,2331.0,991.0,0.0,2069.3797468354437,0.0,0.0,0.0,0.0,0.0,0.0,2354.0,0.0,1827.0,1834.4285714285716,0.0,989.8571428571428,955.0,0.0,2335.2,0.0,0.0,1512.0389610389611,0.0,975.0,691.0,0.0,1251.923076923077,0.0,0.0,2087.6,47
1281.7755102040817,1288.28,1023.0,1022.0857142857144,1281.8,736.04,1023.0,736.68,1023.0,736.36,1571.16,1022.12,736.3061224489796,3023.88,3018.84,3017.0,3020.44,1899.48,735.96,3025.8695652173915,2440.36,1023.8571428571428,2185.6666666666665,2163.0,1022.219512195122,0.0,1303.0,0.0,0.0,0.0,2448.090909090909,0.0,0.0,0.0,0.0,1023.6829268292682,0.0,0.0,0.0,0.0,0.0,0.0,0.0,1023.7179487179488,0.0,0.0,0.0,0.0,0.0,2163.9565217391305,48
1315.0,1338.0697674418604,1033.24,1031.8333333333333,1322.28,709.6046511627907,1033.3673469387754,709.7555555555556,1033.48,731.8510638297872,1577.0,1030.8333333333333,723.64,3059.923076923077,3060.435897435897,3050.28,3059.521739130435,1900.84,732.3023255813954,3059.0,2447.96,0.0,2186.0,2186.12,1023.0,0.0,1315.2727272727273,0.0,699.0,732.3333333333334,0.0,0.0,1918.4285714285716,0.0,729.4,0.0,1023.0,0.0,0.0,0.0,2471.8,0.0,1919.0,0.0,708.3333333333334,0.0,1314.4893617021276,0.0,1315.7619047619048,0.0,49
1299.0,1323.9166666666667,1011.96,1021.0,1313.48,719.0,1012.7021276595744,719.0,1012.818181818182,719.72,1581.56,1025.96,719.0,3047.72,3053.909090909091,3056.92,3046.2,1880.52,734.76,3049.285714285714,2473.9333333333334,1036.3333333333333,0.0,2159.0,0.0,0.0,1325.6666666666667,0.0,718.1794871794872,720.0909090909091,0.0,1587.0,1899.0,0.0,720.0434782608696,0.0,0.0,719.6511627906976,2508.6,0.0,0.0,1588.142857142857,1899.0,1038.3333333333333,0.0,0.0,0.0,1899.0,1323.0,2160.5454545454545,50
1302.2,1308.12,1019.4,1036.92,1302.6923076923076,756.2,1019.0,756.28,1019.64,755.0,1586.28,1019.16,756.12,3040.76,3045.88,3042.92,324.76,1931.56,749.4,2985.16,2457.0,1020.1282051282052,0.0,2157.3829787234044,1017.8717948717948,1595.780487804878,0.0,755.8163265306123,0.0,0.0,0.0,0.0,0.0,1947.0,0.0,0.0,0.0,0.0,0.0,0.0,0.0,0.0,0.0,0.0,754.9,0.0,0.0,0.0,0.0,2181.6666666666665,51
1343.88,1351.88,1061.6938775510205,1065.4,1343.9565217391305,770.36,1063.24,776.36,1061.4,752.3636363636364,1626.84,1061.4,752.68,3083.88,1937.72,3084.76,331.6857142857143,1926.4594594594596,764.36,3085.1666666666665,2489.96,0.0,0.0,2193.48,0.0,0.0,0.0,775.0,0.0,0.0,0.0,0.0,0.0,0.0,0.0,0.0,0.0,0.0,0.0,0.0,0.0,0.0,0.0,0.0,0.0,0.0,0.0,1928.2307692307693,0.0,0.0,52
1348.52,1348.4634146341464,1060.04,1075.64,1349.24,774.92,1059.88,775.64,1060.061224489796,775.0,1627.64,1059.9795918367347,775.96,3040.76,3041.72,3066.135135135135,3065.7272727272725,1936.84,759.56,3062.288888888889,2485.56,0.0,0.0,2214.04,0.0,0.0,0.0,776.1282051282051,0.0,0.0,0.0,0.0,0.0,1947.0,0.0,0.0,0.0,0.0,0.0,1071.0,0.0,0.0,0.0,0.0,773.8717948717949,0.0,0.0,0.0,0.0,0.0,53
1326.04,1320.0434782608695,1059.0,1049.72,1315.1025641025642,744.5510204081633,1058.68,745.0408163265306,1057.56,744.304347826087,1612.5384615384614,1058.2,743.96,3034.5789473684213,3035.4,3042.04,3044.68,1914.36,755.0,3052.12,2461.5263157894738,0.0,0.0,2195.8571428571427,0.0,0.0,0.0,773.0,735.0,0.0,0.0,0.0,0.0,1949.0,755.0,1059.6315789473683,0.0,0.0,2488.0,0.0,2485.8,0.0,0.0,0.0,0.0,1588.3333333333333,0.0,1955.0,1340.3684210526317,2222.0,54
1339.48,267.4347826086956,1036.5510204081634,141.1,1320.76,755.0,1063.8163265306123,754.1836734693877,1056.2,754.12,1594.3333333333333,1064.76,755.0,3035.0,3035.0,3037.4,3035.0,1927.7272727272727,216.2,1129.0,2465.32,1075.0,0.0,2172.44,0.0,0.0,0.0,0.0,754.1666666666666,755.2,0.0,1620.1,0.0,0.0,0.0,1067.0,0.0,755.5,0.0,0.0,2489.0,0.0,1953.4,0.0,0.0,1571.0,0.0,0.0,0.0,0.0,55
1311.32,1303.24,1023.88,1006.6,1311.48,716.28,1024.52,708.28,1023.56,725.8571428571429,1578.5,1024.2,719.16,3037.16,3035.64,3038.04,3013.56,1915.4324324324325,719.48,3036.28,2446.3469387755104,0.0,0.0,2177.24,0.0,1601.909090909091,0.0,0.0,0.0,0.0,0.0,1580.7894736842106,0.0,1912.3333333333333,0.0,0.0,0.0,0.0,0.0,0.0,2455.0,0.0,1913.0,0.0,699.0,1555.0,0.0,0.0,0.0,0.0,56
1330.3170731707316,1313.6938775510205,1050.68,1039.72,1321.88,734.28,1050.36,734.6,1050.44,734.5652173913044,1590.04,1050.92,734.44,3041.0,3038.68,3033.1,3042.04,1909.0,197.34883720930236,3011.24,2455.72,0.0,2208.6,2208.368421052632,0.0,0.0,0.0,757.0,0.0,0.0,0.0,0.0,0.0,0.0,0.0,0.0,0.0,0.0,0.0,0.0,2491.0,1599.6153846153843,0.0,0.0,0.0,0.0,1306.5555555555557,0.0,0.0,0.0,57
250.6,1271.16,1037.72,1036.4736842105262,1282.0204081632653,727.0,1038.04,727.0,1036.84,725.8,1555.24,1037.48,726.2,3040.5238095238096,3040.2727272727275,3040.025641025641,3049.24,1884.44,734.76,2942.404255319149,2438.4736842105262,0.0,2190.0,2168.7894736842104,0.0,1584.142857142857,0.0,0.0,725.952380952381,727.8205128205128,0.0,1583.3157894736842,1927.0,0.0,727.6153846153846,0.0,0.0,0.0,2464.0,0.0,0.0,0.0,0.0,0.0,0.0,0.0,0.0,0.0,1291.0,2190.428571428572,58
1313.96,1311.0,1010.7948717948718,1023.96,1321.56,724.5238095238095,1022.28,723.96,1011.5263157894736,724.5652173913044,1587.595744680851,1019.4,724.1304347826087,3034.2,3033.4,3030.84,3034.04,1900.531914893617,723.6451612903226,3036.12,2458.4418604651164,0.0,0.0,2177.72,0.0,0.0,0.0,745.0,0.0,746.5,0.0,0.0,1923.0,0.0,0.0,1035.0,0.0,748.0,0.0,0.0,0.0,0.0,0.0,1034.3333333333333,0.0,0.0,0.0,1925.0,0.0,0.0,59
1310.6842105263158,1335.3333333333333,1049.64,1049.5945945945946,1311.0,735.5,1048.795918367347,734.8333333333334,1048.469387755102,746.28,1601.111111111111,1049.48,735.32,3029.0408163265306,3030.083333333333,3029.2727272727275,3046.6,1906.04,758.8974358974359,3044.714285714286,2479.0,1059.0,2207.0,2179.5,0.0,0.0,1337.6666666666667,0.0,0.0,765.0,0.0,0.0,1913.2857142857144,1939.3333333333333,759.0,0.0,0.0,0.0,2479.5263157894738,0.0,2487.0,1631.0,1935.0,0.0,0.0,1579.0,0.0,0.0,1311.952380952381,2209.0,60
1297.48,204.77777777777777,1011.408163265306,73.2439024390244,1296.68,719.0,1011.0,719.0,1010.04,720.36,1585.2608695652175,1017.0,719.72,3021.0,3008.92,3014.0,3020.92,1881.64,25000.52,2889.32,2430.9024390243903,1012.7560975609756,2186.0,2164.2244897959185,1010.0769230769232,0.0,0.0,0.0,718.4736842105264,720.0666666666667,0.0,0.0,0.0,0.0,720.0666666666667,1031.0,0.0,0.0,2454.555555555556,0.0,0.0,0.0,0.0,0.0,0.0,1560.0,0.0,0.0,0.0,0.0,61
1342.1,1329.88,1065.530612244898,1059.56,1342.591836734694,767.0,1065.64,767.48,1064.795918367347,767.6530612244898,1600.76,1065.88,767.96,3040.92,3040.84,3040.68,3041.0,1917.4444444444443,767.72,3032.52,2463.0,0.0,0.0,2151.695652173913,0.0,0.0,0.0,0.0,766.219512195122,767.8571428571429,0.0,0.0,0.0,1943.8,0.0,1079.0,0.0,0.0,2463.4210526315787,0.0,0.0,0.0,0.0,1075.0,759.0,0.0,1318.6,1927.0,0.0,2174.0,62
1346.1836734693877,1334.76,1067.0,1058.04,1346.1666666666667,774.6,1065.4,774.12,1065.88,773.64,1608.4054054054054,1067.0,774.44,3035.0,1326.84,3034.5789473684213,3031.0,1921.3589743589744,773.2608695652174,3049.358974358974,2455.75,0.0,2212.2,2164.68,0.0,1607.878048780488,1355.0,0.0,0.0,0.0,0.0,1608.0232558139537,0.0,0.0,0.0,1067.9,1066.2,0.0,2481.0,1067.0,0.0,0.0,1924.047619047619,0.0,0.0,1583.0,0.0,0.0,0.0,0.0,63
1311.0,1310.076923076923,1016.04,79.9090909090909,1311.0,709.08,1027.0,708.2631578947369,1027.0,708.9591836734694,1564.2,1026.4782608695652,709.64,3019.24,3010.28,3019.24,3027.3,1882.7,452.5102040816327,2753.0,2427.8,1027.4102564102564,0.0,2170.2,1025.8695652173913,1572.6,1311.6511627906978,731.0,0.0,0.0,2444.333333333333,0.0,1884.4736842105265,1908.3333333333333,733.0,0.0,1018.0,0.0,0.0,0.0,2471.0,0.0,1907.0,1027.1951219512196,0.0,0.0,1310.3488372093022,1904.0,1311.5,0.0,64
1365.938775510204,1366.063829787234,1087.9565217391305,1086.8947368421052,1366.6,795.952380952381,1088.531914893617,771.8,1088.106382978723,772.0612244897959,1651.0,1087.2790697674418,787.56,3090.659574468085,3090.5348837209303,3100.36,3101.810810810811,1939.08,787.96,3080.75,2484.641025641026,1109.0,2261.4,2238.692307692308,1079.0,0.0,0.0,795.0,771.0,803.0,0.0,1666.2,0.0,1952.090909090909,796.6,1113.0,0.0,0.0,2513.181818181818,1112.7142857142858,2533.0,1665.5454545454545,1951.6666666666667,1112.3333333333333,0.0,0.0,1343.0,1979.0,1375.0,2263.7272727272725,65
1340.2,1333.0444444444445,1051.0,1070.76,1333.0,755.0,1050.36,755.0,1068.52,756.04,1599.0,1050.04,755.96,3048.75,3031.0,3065.48,3031.0,1914.12,755.0,3038.76,2487.56,0.0,0.0,2201.723404255319,0.0,1627.0,0.0,0.0,754.6444444444444,755.5106382978723,0.0,0.0,0.0,0.0,755.8888888888889,1052.2307692307693,0.0,0.0,0.0,0.0,0.0,1599.7826086956522,0.0,0.0,0.0,1596.2,0.0,1917.3636363636365,0.0,2217.0,66
1337.2978723404256,1353.32,1059.0,1057.6122448979593,1350.52,751.0,1057.72,751.0,1057.64,751.0,1607.0,1057.4,751.0,3075.32,3051.96,3057.32,3051.72,1941.3673469387757,749.8085106382979,3057.909090909091,2481.4210526315787,0.0,0.0,2193.72,0.0,1615.0,1360.3333333333333,751.4545454545455,749.9565217391304,751.4102564102565,0.0,0.0,1956.75,0.0,751.2,1059.1,0.0,751.6666666666666,0.0,0.0,2479.333333333333,0.0,0.0,0.0,750.4666666666667,1606.0526315789473,0.0,0.0,1361.0,0.0,67
1432.6,1421.56,1123.0,1147.0833333333333,1414.04,825.530612244898,1123.0,827.0,1124.36,826.1304347826087,1664.5813953488373,1132.84,827.0,3133.56,3121.0,3146.7894736842104,3128.28,2004.090909090909,837.08,3122.0526315789475,2539.0,1123.96,2268.0666666666666,2267.0,1123.0,0.0,0.0,851.0,815.0,0.0,0.0,1685.0,2006.2,0.0,827.0,1124.106382978723,0.0,827.0,2539.878048780488,0.0,0.0,1687.0,0.0,0.0,819.0,1637.857142857143,0.0,0.0,0.0,2268.1428571428573,68
1312.12,1311.32,1020.12,1019.16,1313.8,739.2448979591836,1031.842105263158,739.64,1023.0,740.84,1476.6666666666667,1021.96,740.2,3027.0,3036.92,3027.0,437.08,1815.88,727.88,2916.12,2454.52,1039.0,2184.333333333333,2181.4186046511627,1007.3636363636364,0.0,0.0,0.0,0.0,747.0,2471.0,1575.7441860465117,0.0,1903.0,0.0,0.0,0.0,0.0,0.0,0.0,0.0,1575.9473684210527,0.0,0.0,0.0,1355.0,0.0,0.0,0.0,0.0,69
1322.12,1343.0,1089.64,1061.4,1323.0,755.8571428571429,1089.32,789.4,1090.76,770.2,1643.96,1090.52,756.8095238095239,3042.04,1295.32,3043.72,3039.0,1947.0,781.32,2954.44,2436.68,0.0,0.0,2212.28,0.0,1644.0434782608695,0.0,0.0,0.0,808.0,0.0,0.0,1947.2,1947.842105263158,0.0,0.0,0.0,808.5,0.0,0.0,0.0,0.0,1947.0,0.0,0.0,0.0,0.0,1947.5454545454545,1323.7272727272727,0.0,70
1366.2727272727273,1364.0232558139537,1071.0,1069.8,1364.8775510204082,761.3636363636364,1071.0,761.4347826086956,1071.0,762.7948717948718,1604.68,1069.6382978723404,761.4,3060.28,3061.16,3055.1632653061224,3068.951219512195,1967.24,771.88,3066.52,2482.76,1071.8372093023256,2220.0,2185.8,1070.3170731707316,1618.0,1387.0,785.4,0.0,783.6666666666666,0.0,1619.0,0.0,0.0,787.0,1073.3636363636365,1048.3333333333333,0.0,0.0,0.0,2495.0,0.0,0.0,1072.0,755.0,0.0,0.0,0.0,0.0,0.0,71
1303.7659574468084,1310.2,1035.090909090909,1030.12,1304.157894736842,727.64,1037.893617021277,727.0,1029.48,727.88,1582.76,1036.872340425532,727.0,2991.32,2987.0,2983.583333333333,2995.72,1900.76,726.6595744680851,2991.24,2461.3829787234044,0.0,0.0,2167.3555555555554,1013.6666666666666,0.0,1329.6666666666667,0.0,0.0,0.0,0.0,1595.0,1915.0,1913.4,728.0666666666667,1043.0,1017.6666666666666,728.1,0.0,0.0,0.0,0.0,0.0,0.0,0.0,0.0,0.0,0.0,1329.0,2191.0,72
1358.8974358974358,1342.92,1057.48,1069.24,1344.76,771.0,1057.48,771.32,1059.0,768.76,1604.4,1057.8,771.88,3030.04,3029.0,3029.72,3028.833333333333,1915.4761904761904,781.16,2884.04,2492.68,0.0,2191.0,2180.795918367347,0.0,0.0,0.0,0.0,770.0,772.0,0.0,0.0,0.0,1943.4,0.0,0.0,0.0,0.0,0.0,0.0,0.0,0.0,0.0,1059.2051282051282,0.0,0.0,1334.6363636363635,0.0,0.0,0.0,73
1322.04,1321.3809523809523,1059.5581395348838,1031.0,1321.4489795918366,719.8,1058.68,720.2,1044.2,720.36,1590.84,1057.0,720.44,3063.125,3035.292682926829,3039.0,3041.32,1925.6666666666667,720.5238095238095,3049.0,2463.96,0.0,0.0,2195.48,0.0,1615.0,0.0,0.0,0.0,0.0,0.0,0.0,1904.025641025641,1911.0,0.0,0.0,1031.0,0.0,0.0,1067.0,0.0,1605.857142857143,1922.4285714285716,0.0,0.0,0.0,0.0,0.0,0.0,0.0,74
1324.12,661.98,521.9,521.58,1324.44,787.0,1043.0,392.62,1043.0,787.0,780.62,1043.0,787.0,2981.8,2981.88,2983.0,1490.54,950.38,393.18,1490.22,2453.08,1044.1,0.0,2142.36,1041.871794871795,0.0,0.0,787.0909090909091,786.1020408163265,787.1,0.0,0.0,1947.0,0.0,0.0,0.0,1042.0,787.0,0.0,1043.9756097560976,0.0,0.0,0.0,1044.0526315789473,786.5102040816327,0.0,0.0,1943.0,1323.9795918367347,0.0,75
1294.52,1294.5428571428572,1036.276595744681,86.28888888888889,1294.84,721.16,1036.68,720.76,1036.12,721.56,1580.157894736842,1036.7021276595744,721.56,3012.7894736842104,380.4634146341463,3025.16,3025.5714285714284,1908.68,17369.5,2769.775510204081,2429.4347826086955,0.0,2160.714285714286,2138.288888888889,0.0,0.0,0.0,0.0,0.0,0.0,2435.3076923076924,0.0,0.0,0.0,0.0,0.0,1012.3333333333334,0.0,2455.0,0.0,2454.428571428572,0.0,1924.0,0.0,0.0,1556.2,0.0,0.0,1296.2307692307693,2157.4,76
1261.24,1270.68,975.16,985.64,1288.4358974358977,686.5918367346939,974.92,687.32,974.76,688.1428571428571,1520.7142857142858,975.9795918367348,687.64,2963.864864864865,1077.48,2963.8,2939.0,1730.12,687.72,2779.851063829787,2391.0,0.0,2100.170731707317,2099.816326530612,0.0,0.0,0.0,0.0,0.0,695.0,0.0,1523.7368421052631,0.0,0.0,0.0,0.0,967.0,0.0,2391.6315789473683,0.0,2392.157894736842,0.0,0.0,0.0,679.0,1495.0,0.0,0.0,0.0,0.0,77
1314.04,1305.0,1031.0,1031.5128205128206,1314.28,741.32,1031.0,741.56,1031.0,740.6326530612245,1587.64,1031.0,740.8775510204082,3023.08,708.1555555555556,3022.76,3002.894736842105,1893.4186046511627,729.8695652173913,3002.8048780487807,2461.08,1031.4444444444443,0.0,2187.0,1030.5555555555557,1600.4545454545455,0.0,0.0,0.0,0.0,2478.1111111111118,0.0,1918.2,1920.6,0.0,1032.025641025641,1030.5348837209303,0.0,0.0,1031.608695652174,2457.5116279069766,1601.8,1897.9473684210527,1031.340425531915,731.0,0.0,0.0,1917.0,1315.5128205128206,2187.923076923077,78
1368.92,1397.16,1104.12,1104.0434782608695,1367.5833333333333,812.92,1104.76,813.72,1104.76,814.04,1660.1162790697674,1104.76,813.56,3114.36,3128.36,3107.0,3092.551020408164,1981.72,813.16,3119.1632653061224,2512.84,0.0,2270.6,2251.48,0.0,0.0,0.0,0.0,0.0,0.0,0.0,0.0,1998.6,0.0,0.0,0.0,0.0,0.0,0.0,0.0,0.0,1683.6666666666667,0.0,0.0,0.0,1636.3333333333333,0.0,0.0,1393.6666666666667,0.0,79
1359.842105263158,1349.48,1044.3061224489795,1057.08,1359.190476190476,753.16,1043.0,753.4,1043.0,753.16,1619.0,1043.0,753.08,3036.36,3027.0,3037.08,3028.860465116279,1911.0,753.0833333333334,3023.24,2493.243902439024,1044.142857142857,0.0,2203.0,1042.904761904762,0.0,0.0,0.0,0.0,0.0,0.0,0.0,1911.7272727272727,0.0,0.0,0.0,1042.8,0.0,0.0,1043.8979591836735,2494.0,0.0,1931.0,1044.0833333333333,0.0,1617.5116279069769,1337.6666666666667,1912.142857142857,0.0,2204.953488372093,80
1369.72,1369.88,1086.84,1099.375,1360.12,800.76,1073.48,792.92,1073.48,798.04,1636.84,1072.5510204081634,801.32,3076.953488372093,1739.88,3085.48,3036.688888888889,1955.0,783.16,3071.24,2495.736842105264,0.0,2247.6666666666665,2221.695652173913,0.0,0.0,0.0,0.0,0.0,0.0,2544.333333333333,0.0,1983.0,0.0,0.0,0.0,0.0,0.0,2526.0,1099.0,2520.6,1627.4651162790697,1979.0,0.0,0.0,0.0,0.0,1959.190476190476,0.0,2246.0,81
1360.76,1360.2,1073.4,1073.24,1360.44,736.2,1073.48,736.2,1067.48,736.76,1608.92,1050.1020408163265,736.28,3075.24,3060.04,3067.0,3024.68,1925.32,759.5882352941177,3067.0,2469.88,0.0,0.0,2203.5714285714284,0.0,0.0,0.0,0.0,0.0,0.0,0.0,1619.5,0.0,1937.0,0.0,0.0,0.0,0.0,0.0,1059.0,0.0,0.0,0.0,0.0,0.0,0.0,0.0,0.0,0.0,2227.0,82
1324.76,1328.6326530612246,1040.12,1053.24,1325.72,755.0,1065.5,755.0,1064.44,778.4782608695652,1606.52,1064.28,755.0,3030.2,3013.8936170212764,3035.0,3025.24,1903.0,762.6,2773.978723404255,2461.64,1075.0,0.0,2183.16,1043.0,1591.6666666666667,0.0,787.0,754.7142857142857,755.6808510638298,0.0,0.0,1903.5,0.0,755.8372093023256,0.0,0.0,756.0,0.0,0.0,0.0,0.0,0.0,0.0,757.6666666666666,0.0,0.0,1903.5853658536585,0.0,0.0,83
1344.76,1344.2,1112.28,1112.12,1345.2857142857142,777.1224489795918,1112.12,777.08,1111.96,777.530612244898,1664.12,1112.04,776.52,3038.148936170213,3024.268292682927,3028.36,3039.0,2000.7142857142856,776.531914893617,3044.714285714286,2458.720930232558,0.0,2267.0,2192.866666666667,0.0,0.0,0.0,851.0,767.0,0.0,2460.333333333333,0.0,0.0,0.0,0.0,0.0,0.0,0.0,2483.0,0.0,0.0,0.0,0.0,0.0,0.0,0.0,0.0,2011.0,0.0,2288.6,84
1370.022222222222,1369.4,1071.0,1068.6326530612246,1370.2,786.52,1071.0,772.84,1069.16,773.1395348837209,1639.0,1067.72,773.0952380952381,3012.68,3012.44,3004.5,3017.64,1972.84,772.36,2836.7391304347825,2491.64,1071.0,0.0,2261.4166666666665,1069.96,0.0,1421.6666666666667,825.8571428571429,0.0,0.0,2523.0,1639.7619047619048,0.0,1983.0,0.0,1071.2105263157894,0.0,826.0,0.0,0.0,2539.0,0.0,0.0,0.0,0.0,1638.8,1313.0,0.0,0.0,0.0,85
1238.12,1243.0,973.8,974.3684210526316,1234.6,685.16,973.88,685.1224489795918,973.56,685.32,1507.4,973.8,685.48,2940.92,2939.0,2940.92,2939.0,1837.25,685.4,2751.583333333333,2389.16,0.0,0.0,2111.0,0.0,1523.5128205128206,0.0,0.0,0.0,0.0,0.0,0.0,0.0,0.0,695.0,0.0,0.0,0.0,0.0,0.0,2400.333333333333,1524.1,0.0,0.0,0.0,0.0,0.0,1836.2244897959183,0.0,2111.6315789473683,86
1367.0,1370.52,1078.28,1081.56,1351.32,783.0,1076.6,789.204081632653,1076.44,789.4166666666666,1610.04,1076.36,777.08,3084.560975609756,3084.913043478261,3092.12,3085.285714285714,1949.111111111111,779.64,3068.84,2487.0,0.0,0.0,2208.36,0.0,0.0,1367.842105263158,0.0,0.0,0.0,0.0,0.0,0.0,1975.0,0.0,0.0,0.0,0.0,2487.8,0.0,0.0,0.0,0.0,0.0,769.0,0.0,1365.857142857143,0.0,0.0,0.0,87
1325.32,1376.3,1054.4545454545455,1111.1951219512196,1325.64,740.52,1054.304347826087,741.16,1084.28,740.92,1662.5555555555557,1069.72,740.6,3031.0,3031.0,3029.4,3009.56,1920.68,741.0,2832.6,2453.6315789473683,1112.0,0.0,2216.92,0.0,0.0,0.0,0.0,0.0,0.0,0.0,1663.0,0.0,1923.571428571429,0.0,1111.0,0.0,0.0,2531.0,0.0,0.0,0.0,0.0,0.0,0.0,1613.4,0.0,0.0,1379.0,0.0,88
1330.2888888888888,1341.8,1055.24,1057.0,1330.7,761.3255813953489,1055.24,759.8181818181819,1046.1818181818182,761.0444444444445,1595.5555555555557,1046.148936170213,761.3333333333334,3040.125,3039.25,3036.6,3040.560975609756,1935.2,759.9756097560976,3038.764705882353,2468.6363636363635,0.0,2198.6363636363635,2173.7619047619046,0.0,0.0,1356.6,786.0,0.0,785.2857142857143,2494.0,1619.0,1959.7272727272727,0.0,785.0,0.0,0.0,785.0,2493.6666666666665,1071.0,2493.4,1618.5,1959.0,1074.3333333333333,751.0,1570.3333333333333,0.0,1959.0,1357.0,2198.5,89
1340.0,1352.6,1047.64,1063.4,1337.88,740.9130434782609,1054.52,759.72,1054.2,742.1020408163265,1610.76,1053.56,740.92,3061.96,3029.56,3059.16,3045.9268292682927,1932.12,775.96,3080.446808510638,2476.955555555556,0.0,2204.6666666666665,2180.0731707317077,0.0,1630.2,1367.0,0.0,0.0,765.0,2479.9473684210525,0.0,1945.5,1943.7272727272727,0.0,0.0,0.0,0.0,2501.4,0.0,2481.7619047619046,0.0,1945.0,0.0,735.0,0.0,1331.0,1942.6,1359.0,2204.777777777778,90
1343.9795918367347,1344.4358974358977,1058.9,1058.52,1344.2,774.52,1059.0,774.6,1058.76,774.28,1611.0,1058.84,773.4,3053.468085106383,3052.860465116279,3053.4186046511627,3040.6,1936.04,780.76,3068.28,2482.794871794872,1059.842105263158,2219.0,2196.6,1057.8837209302326,1639.0,0.0,0.0,0.0,0.0,2508.0,1635.8,1947.0,1950.0,0.0,1067.0,0.0,0.0,2508.6,0.0,2507.0,1613.2105263157894,1948.7777777777776,0.0,0.0,1610.1,1335.0,1925.1052631578948,0.0,0.0,91
1363.0,1376.3061224489795,1056.44,1056.36,1362.52,708.04,1055.0,182.5,1055.0,708.12,1635.0,1055.8,708.52,3055.0,3034.2,3053.4489795918366,3033.9,1970.809523809524,708.0434782608696,2914.76,2459.651162790697,1055.923076923077,0.0,2248.6,1053.9268292682927,0.0,1363.8,0.0,0.0,0.0,0.0,1635.6,1972.142857142857,0.0,355.0,0.0,0.0,0.0,2483.5714285714284,0.0,2460.684210526316,0.0,0.0,1055.6315789473683,0.0,1634.1,1362.047619047619,0.0,0.0,0.0,92
1288.9591836734694,1262.888888888889,1000.3061224489796,1001.051282051282,1288.904761904762,689.48,1001.08,690.04,1014.2,689.4,1538.92,1000.68,689.88,2995.0,1747.88,2995.0,2967.255319148936,1863.0,697.08,2999.0,2396.6,0.0,0.0,2136.28,0.0,0.0,0.0,0.0,0.0,0.0,2419.7272727272725,0.0,0.0,1863.5853658536585,0.0,0.0,0.0,0.0,0.0,0.0,0.0,0.0,1863.421052631579,0.0,0.0,0.0,1259.0,0.0,0.0,0.0,93
1251.0833333333333,1263.32,967.88,979.8,1273.88,673.72,967.8,673.24,966.04,673.16,1538.04,991.0,673.32,2987.972972972973,2964.488372093024,2989.08,2959.285714285714,1839.32,673.0,2971.88,2389.2978723404253,0.0,2119.285714285714,2119.88,0.0,0.0,1275.0,0.0,0.0,0.0,2407.0,0.0,0.0,1849.6666666666667,0.0,0.0,990.1304347826087,0.0,2412.333333333333,991.4878048780488,0.0,0.0,1849.0,0.0,0.0,0.0,0.0,1848.8181818181815,1273.2222222222222,0.0,94
1248.76,1245.3529411764705,964.04,964.4166666666666,1249.08,665.0,963.0,674.1836734693877,963.0,674.28,1529.0,964.8775510204082,644.3333333333334,2947.0,2948.9166666666665,2946.020408163265,2949.3255813953488,1836.36,672.4634146341464,2794.92,2381.56,963.4,2089.5454545454545,2086.1666666666665,963.0,0.0,0.0,0.0,0.0,0.0,0.0,1527.0,1847.0,0.0,0.0,0.0,943.0,672.6,0.0,0.0,2403.0,0.0,0.0,963.24,0.0,1505.0,0.0,0.0,0.0,2111.0,95
1334.36,1339.08,1058.44,1059.2727272727273,1334.44,746.063829787234,1058.7551020408164,747.0,1059.2105263157894,747.0,1607.878048780488,1058.0,746.265306122449,3056.28,3064.68,3055.48,3019.255319148936,1926.68,775.16,3055.8,2479.0,1067.0,0.0,2187.4210526315787,0.0,1635.0,0.0,747.8372093023256,0.0,773.6666666666666,2503.0,1633.0,1918.7894736842104,1940.4545454545453,748.2444444444444,0.0,1033.4,775.0,2479.7804878048782,0.0,2507.0,0.0,1918.692307692308,0.0,746.219512195122,1583.0,0.0,1916.795918367347,0.0,2212.0,96
1368.68,1368.3061224489795,1067.0,1067.0,1368.36,826.1020408163265,1067.0,827.0,1067.0,827.0,1667.0,1067.0,827.0,3068.84,3068.36,3069.16,3052.619047619048,1989.0,825.0,2925.88,2473.6,1067.7441860465117,0.0,2203.5,1066.3488372093022,1667.3809523809523,0.0,827.1025641025641,819.0,0.0,0.0,1667.2926829268292,2013.8,2015.7272727272727,827.1,1067.190476190476,1066.063829787234,827.1025641025641,2497.0,1067.3076923076924,0.0,1667.186046511628,0.0,1068.1707317073171,826.1020408163265,1666.1304347826087,0.0,0.0,0.0,0.0,97
1332.6,1331.7368421052631,1067.16,1073.8,1331.8,860.52,1066.76,860.52,1047.7179487179487,860.76,1617.857142857143,1046.904761904762,861.16,3025.0,2340.36,3023.5714285714284,3040.3023255813955,1932.619047619048,860.7142857142857,2931.72,2446.7551020408164,0.0,0.0,2171.64,0.0,0.0,0.0,0.0,0.0,0.0,0.0,0.0,0.0,1904.1162790697676,0.0,0.0,1039.0,0.0,2471.0,1102.428571428571,0.0,0.0,0.0,1101.5454545454545,0.0,0.0,0.0,1952.0,1332.0,0.0,98
1323.0,1328.04,1029.3829787234042,1029.5641025641023,1323.2448979591836,745.16,1040.52,744.76,1031.0975609756097,744.52,1596.52,1037.56,744.28,3057.285714285714,3017.88,3050.28,3015.08,1925.0408163265304,744.3023255813954,3040.68,2451.5106382978724,0.0,0.0,2183.0975609756097,0.0,1615.0,1323.878048780488,0.0,0.0,0.0,2476.333333333333,1615.0,0.0,0.0,0.0,1055.0,0.0,0.0,2477.6666666666665,0.0,2477.222222222222,1593.0,0.0,1055.0,0.0,0.0,1322.142857142857,0.0,1324.4634146341464,0.0,99
1337.32,1335.56,1043.5,1061.08,1333.4,748.92,1050.84,748.92,1043.9166666666667,748.92,1605.96,1057.24,748.3877551020408,3038.121951219512,3037.8571428571427,3037.3673469387754,3025.08,1929.5333333333333,757.4,3037.4347826086955,2490.0243902439024,0.0,2219.0,2203.96,0.0,1614.2,0.0,0.0,0.0,0.0,0.0,0.0,1927.7272727272727,1927.7272727272727,0.0,1061.0,0.0,0.0,0.0,0.0,0.0,1615.0,1928.4545454545453,1065.0,0.0,0.0,0.0,0.0,0.0,0.0,100
1339.0,1338.0,1050.04,1051.0,1388.304347826087,738.28,1051.0,738.2,1051.08,739.0,1625.857142857143,1050.6,737.24,2999.0,2998.28,2999.0,2997.96,1935.48,791.0,2999.0,2493.16,1052.2307692307693,0.0,2155.0,1049.842105263158,0.0,1351.0,739.421052631579,0.0,0.0,2500.333333333333,0.0,0.0,0.0,0.0,0.0,0.0,0.0,0.0,0.0,2505.6666666666665,0.0,1943.7,0.0,737.9565217391304,1615.0,1337.871794871795,1943.878048780488,1430.5,2159.816326530612,101
1391.7567567567569,1401.72,1080.04,1080.1914893617022,1391.9142857142858,791.0,1079.0,790.1724137931035,1079.0,789.56,1644.68,1079.0,789.64,3082.368421052632,3073.64,3102.44,3065.32,1980.6,794.68,3104.9591836734694,2524.84,1079.5,2264.818181818182,2238.404255319149,1078.8181818181818,0.0,1417.0,0.0,787.9090909090909,791.6,0.0,1657.0,0.0,0.0,815.3636363636364,0.0,1078.6279069767445,0.0,0.0,1079.608695652174,2553.5,1658.2,2000.0,1081.8695652173913,0.0,0.0,1367.0,1999.0,1417.6666666666667,2265.6666666666665,102
1411.090909090909,1359.0,1092.6,1110.44,1411.75,795.0,1084.04,793.24,1103.32,793.72,1631.0,1055.8,795.0,2997.32,2988.021276595745,2989.56,3003.16,1936.2093023255811,793.32,2993.96,2501.3636363636365,0.0,2231.3809523809523,2231.0,0.0,0.0,1459.0,0.0,794.063829787234,795.3076923076923,2503.0,1631.7,0.0,0.0,0.0,0.0,0.0,795.8205128205128,2526.333333333333,0.0,0.0,1631.977777777778,0.0,0.0,0.0,1630.3,1359.0,0.0,1411.3333333333333,2231.711111111111,103
1335.0,1335.421052631579,1049.56,1050.8367346938776,1334.84,759.0,1050.2,759.2448979591836,1050.84,759.0,1598.3846153846157,1049.8,759.0,3034.92,3034.92,3021.4210526315787,3045.5454545454545,1936.4545454545453,759.8163265306123,3028.12,2484.12,0.0,0.0,2201.0425531914893,0.0,0.0,1335.7368421052631,759.780487804878,758.2558139534884,759.6511627906976,0.0,1623.5,0.0,1940.3333333333333,767.0,0.0,0.0,759.8372093023256,0.0,0.0,2479.487804878049,0.0,0.0,0.0,758.1428571428571,0.0,1333.8837209302326,1963.8,1343.0,2227.0,104
1290.28,212.86046511627907,1009.0869565217392,1018.36,1291.0,713.24,1009.938775510204,713.88,1010.591836734694,712.6,1573.8,1008.68,719.0,2999.56,2994.52,2999.24,3003.24,1875.782608695652,28938.66,3007.9473684210525,2437.0425531914893,1031.0,2164.684210526316,2163.0,0.0,1559.8695652173913,0.0,0.0,0.0,0.0,2460.2,1560.560975609756,1891.0,1893.2222222222224,0.0,1033.0,0.0,719.8888888888889,2456.333333333333,0.0,0.0,1560.3333333333333,1897.0,1031.0,0.0,0.0,0.0,0.0,0.0,2164.2631578947367,105
1243.0,1227.8,962.4871794871794,941.24,1243.0,672.68,963.0,672.84,962.304347826087,673.1224489795918,1467.0816326530612,962.2888888888888,672.12,2956.9574468085107,2957.829268292683,2957.8,4235.98,1723.5,672.025641025641,1162.75,2387.851063829787,963.780487804878,2115.3636363636365,2115.0,962.1428571428572,1511.0,1244.04,0.0,0.0,0.0,2388.2,0.0,1831.2608695652173,1831.2857142857144,0.0,0.0,938.2,0.0,0.0,0.0,0.0,0.0,1831.3478260869565,0.0,663.0,0.0,1243.0,1831.3636363636365,0.0,2115.340425531915,106
1239.0,1239.6666666666667,987.0,959.7,1239.0,693.48,987.0,695.0,987.88,694.28,1457.4489795918366,987.408163265306,693.8936170212766,2955.0,2954.3469387755104,2955.64,2956.333333333333,1775.64,686.92,1858.2558139534883,2375.16,987.4878048780488,2107.8,2107.0,986.2,0.0,1239.3555555555556,0.0,0.0,0.0,0.0,0.0,0.0,0.0,695.8,987.8780487804878,0.0,703.0,0.0,995.0,2376.6,0.0,0.0,0.0,0.0,1367.0,1238.5652173913045,0.0,1240.2380952380952,2108.0,107
1345.32,1338.76,1065.88,1074.28,1345.4,750.44,1065.16,750.1020408163265,1065.4,751.0,1618.6,1067.0,750.1836734693877,3035.1052631578946,3043.24,3034.794871794872,3034.2820512820517,1926.0857142857144,747.64,3051.08,2493.72,0.0,2235.0,2212.4166666666665,0.0,1612.578947368421,0.0,752.0526315789474,0.0,0.0,2509.0,0.0,0.0,0.0,775.0,0.0,1066.0204081632653,771.0,0.0,1067.1052631578948,0.0,1634.0,0.0,0.0,749.8444444444444,0.0,0.0,1950.2,0.0,0.0,108
1304.12,1310.2380952380952,1027.0,1015.24,1311.0,719.0,1020.84,719.5217391304348,1028.3023255813953,732.28,1575.72,1027.6222222222225,734.12,3029.8,3030.2,3025.32,3029.72,1887.2727272727277,160.14634146341464,3027.96,2441.978723404255,0.0,0.0,2167.878048780488,0.0,0.0,0.0,0.0,718.4,719.9090909090909,0.0,0.0,1911.0,1913.6666666666667,745.0,1027.5,1003.0,0.0,0.0,0.0,0.0,0.0,1909.0,0.0,0.0,0.0,0.0,0.0,0.0,0.0,109
1336.04,1343.0,1063.0,1063.8979591836735,1336.3333333333333,757.72,1063.734693877551,757.204081632653,1063.32,757.72,1609.1224489795918,1063.64,757.8571428571429,3056.68,3056.76,3048.28,3056.36,1927.8,780.6744186046511,3057.8,2479.0,1075.0,0.0,2211.56,0.0,1619.0,0.0,0.0,0.0,0.0,0.0,1635.8,0.0,0.0,783.0,1064.0232558139537,0.0,779.0,2481.5263157894738,0.0,2503.0,0.0,0.0,0.0,0.0,0.0,0.0,0.0,0.0,0.0,110
1326.404255319149,1325.0,1046.52,1055.820512820513,1325.9333333333334,741.25,1049.72,743.64,1041.16,730.12,1595.72,1029.046511627907,742.3,3034.7272727272725,3034.4,3034.2820512820517,3036.230769230769,1905.24,735.8,3017.8,2472.2,0.0,0.0,2183.96,0.0,0.0,1349.6666666666667,0.0,719.0,0.0,0.0,0.0,0.0,0.0,0.0,0.0,0.0,0.0,0.0,1057.2857142857142,0.0,0.0,0.0,0.0,0.0,0.0,0.0,0.0,0.0,0.0,111
1325.3673469387754,1327.0816326530612,1040.6,1040.92,1325.96,752.3333333333334,1040.68,751.0,1041.88,743.08,1596.84,1041.48,751.8888888888889,3036.76,3040.04,3048.948717948718,3035.32,1928.2682926829268,753.0,3049.777777777778,2461.5,0.0,0.0,2180.52,0.0,1615.0,1355.0,0.0,726.0,0.0,2484.5,1593.0,1928.6,0.0,752.1,0.0,0.0,0.0,2484.6,0.0,2483.0,1615.0,0.0,0.0,0.0,0.0,0.0,1927.0,0.0,0.0,112
1298.04,1307.0,1014.84,1018.6,1306.7272727272727,736.52,1024.2,736.6,1024.061224489796,734.2,1578.92,1023.0,736.5111111111111,3021.48,3021.32,3025.32,3034.1794871794878,1913.9333333333332,326.1304347826087,3027.3809523809523,2444.043478260869,0.0,0.0,2172.948717948718,0.0,1599.0,0.0,0.0,0.0,0.0,0.0,0.0,0.0,0.0,0.0,0.0,1021.8717948717948,0.0,2466.0,1024.128205128205,2468.333333333333,0.0,0.0,0.0,0.0,0.0,0.0,0.0,1307.6153846153843,0.0,113
1335.8979591836735,1335.6,1039.24,1049.7826086956522,1335.8163265306123,743.24,1051.8333333333333,743.0,1049.7906976744189,743.3265306122449,1609.72,1034.52,742.7551020408164,3069.6315789473683,3070.4444444444443,3060.6,3069.8,1932.28,251.64,3059.08,2472.0,0.0,0.0,2187.24,1027.0,1603.421052631579,1363.0,755.0,0.0,0.0,0.0,1604.025641025641,0.0,0.0,744.0909090909091,0.0,0.0,0.0,2495.0,0.0,2491.0,1625.0,0.0,0.0,0.0,0.0,0.0,0.0,1360.0,0.0,114
1340.391304347826,1340.531914893617,1034.3,1049.08,1332.2,739.0,1051.88,739.0,1047.64,739.48,1604.2682926829268,1041.08,740.6,3035.0,3034.6279069767443,3035.0,3035.6315789473683,1913.56,738.0526315789474,3030.6,2462.84,0.0,0.0,2183.88,0.0,1604.3333333333333,0.0,0.0,737.8717948717949,740.2307692307693,0.0,0.0,0.0,0.0,740.1,1059.3636363636365,0.0,0.0,0.0,0.0,0.0,0.0,0.0,0.0,0.0,1579.888888888889,1314.0,0.0,0.0,0.0,115
1315.0,1338.5897435897436,1031.0,1053.6666666666667,1321.48,741.8,1031.0,743.0,1031.0,740.36,1600.106382978723,1031.0,741.08,3037.048780487805,3039.0,3036.756097560976,3038.0,1912.2380952380952,740.4634146341464,3045.24,2457.88,1031.888888888889,2202.0,2178.3777777777777,1030.5555555555557,0.0,1321.439024390244,0.0,0.0,0.0,0.0,1599.9473684210527,0.0,0.0,743.9756097560976,1032.6190476190477,1030.4418604651162,0.0,0.0,1033.7555555555557,0.0,0.0,0.0,1032.0232558139537,0.0,1576.3333333333333,1313.842105263158,0.0,0.0,2193.0,116
1327.48,1337.32,1025.32,1042.6,1327.0,735.64,1024.92,736.92,1024.469387755102,735.48,1596.76,1025.5,735.88,3059.292682926829,3050.44,3054.2,3046.04,1938.3333333333333,735.0930232558139,3052.36,2465.553191489362,0.0,0.0,2171.734693877551,0.0,1603.0,0.0,0.0,0.0,0.0,0.0,0.0,1961.5454545454545,1962.5,0.0,0.0,0.0,0.0,0.0,1050.2,0.0,0.0,1960.3333333333333,1047.0,0.0,0.0,0.0,1960.3333333333333,0.0,0.0,117
1319.0,1325.72,1035.8,1037.2325581395348,1319.0,725.88,1035.0,724.9591836734694,1035.0,725.4,1584.469387755102,1035.0,725.48,3037.08,3046.414634146341,3046.5789473684213,3036.36,1913.8,749.6666666666666,3033.72,2440.76,1035.2857142857142,2183.0,2161.222222222222,1034.3191489361702,0.0,1320.2307692307693,0.0,0.0,0.0,0.0,0.0,0.0,0.0,735.0,0.0,1034.5652173913045,0.0,0.0,1035.3555555555556,0.0,0.0,0.0,1035.3720930232555,0.0,0.0,1315.2051282051282,0.0,0.0,2183.0,118
1324.76,1324.9130434782608,1038.28,1038.2,1324.52,729.0425531914893,1039.0,728.76,1039.0,739.96,1596.12,1039.0,728.7142857142857,3038.84,3049.0,3040.44,3038.6,1917.3636363636365,753.0,3049.4347826086955,2459.7659574468084,1039.5581395348838,0.0,2178.28,1038.3636363636365,1615.0,0.0,0.0,0.0,752.3333333333334,2487.5,1615.0,0.0,0.0,0.0,0.0,1038.1304347826087,751.0,2487.0,1039.3809523809523,2487.0,1612.3333333333333,0.0,1039.8,0.0,0.0,0.0,0.0,0.0,0.0,119
1312.44,1321.96,1029.204081632653,1042.36,1313.4,740.6666666666666,1028.92,741.3,1029.4,732.12,1602.4871794871794,1031.571428571429,728.92,3023.093023255814,3023.0,3025.2727272727275,3009.16,1910.5833333333333,741.0833333333334,3013.24,2456.1428571428573,0.0,0.0,2180.191489361702,0.0,0.0,0.0,0.0,717.0,0.0,2480.333333333333,0.0,0.0,0.0,0.0,1055.0,0.0,0.0,2483.0,1039.0,2481.0,0.0,0.0,0.0,0.0,1577.4,0.0,0.0,1339.0,0.0,120
1323.0,1329.24,1046.4736842105262,1051.88,1322.75,751.0,1046.68,751.0,1046.12,742.2,1591.5333333333333,1045.16,741.56,3026.76,3025.48,3012.684210526316,3039.711111111111,1907.24,751.5454545454545,3025.4,2460.478260869565,0.0,0.0,2189.769230769231,0.0,0.0,1324.047619047619,0.0,750.1219512195122,751.9565217391304,2485.6666666666665,1591.6363636363635,0.0,0.0,751.8333333333334,0.0,0.0,0.0,2484.0,0.0,2485.6666666666665,1592.0,1923.0,0.0,0.0,0.0,1322.179487179487,0.0,1324.0731707317073,0.0,121
1307.88,235.65116279069767,1028.44,1024.6,1307.72,735.0,1028.68,735.2448979591836,1010.36,735.0,1588.2,1017.4,735.0,3035.7567567567567,3025.0,3035.0,3034.8,1903.24,23719.7,3030.6666666666665,2439.782608695652,0.0,0.0,2171.32,0.0,1580.3333333333333,0.0,736.0526315789474,0.0,0.0,2463.8888888888887,1582.906976744186,0.0,0.0,747.0,0.0,0.0,736.025641025641,2465.0,0.0,0.0,1602.0,0.0,0.0,733.8,0.0,0.0,0.0,0.0,0.0,122
1330.28,1330.6190476190477,1043.0,1043.0,1331.56,751.0,1043.0,725.829268292683,1043.0,751.0,1595.0,1043.571428571429,751.0,3037.16,3038.04,3056.28,3036.2,1916.76,747.3333333333334,3059.24,2459.936170212766,1043.7619047619048,0.0,2187.25,1042.2380952380952,0.0,0.0,752.1428571428571,749.9268292682926,752.0,2483.5714285714284,1595.7619047619048,1928.142857142857,1925.5454545454545,750.1111111111111,1043.7826086956522,1035.0,751.7368421052631,2485.6666666666665,0.0,2485.6666666666665,1595.5263157894738,1928.0,1043.4651162790697,750.0526315789474,1593.871794871795,0.0,1925.5454545454545,0.0,0.0,123
1307.6222222222225,239.1081081081081,1027.88,1017.56,1307.0,708.3061224489796,1027.0,708.52,1027.0,708.68,1579.24,1026.28,708.44,3020.2444444444445,3019.7659574468084,3018.659574468085,3010.68,1911.0,365.22222222222223,3019.235294117647,2467.24,1028.090909090909,0.0,2169.32,1026.3684210526317,1575.6315789473683,1334.2,0.0,699.0,0.0,0.0,1575.6666666666667,1912.0526315789475,1939.0,0.0,0.0,0.0,0.0,0.0,0.0,0.0,0.0,1912.1162790697676,1027.8372093023256,0.0,0.0,0.0,1908.0,1334.2,0.0,124
1328.0666666666666,1345.4,1042.0434782608695,1061.08,1327.72,728.76,1043.0,741.32,1044.04,728.9166666666666,1596.92,1042.906976744186,728.2244897959183,3037.16,3037.56,3047.0,3047.0,1908.44,752.8775510204082,3043.4897959183672,2473.88,1067.0,2194.076923076923,2189.48,0.0,1599.1052631578948,1351.8,753.0,0.0,0.0,0.0,1618.6363636363635,0.0,0.0,0.0,1068.0,0.0,755.0,0.0,1068.7142857142858,0.0,1619.8,0.0,0.0,0.0,0.0,0.0,0.0,0.0,0.0,125
1318.4166666666667,1317.1666666666667,1035.0,1033.2,1316.76,742.12,1033.64,741.0,1033.530612244898,741.2857142857143,1601.32,1035.0,742.12,3037.439024390244,3037.315789473684,3035.0,3029.24,1937.938775510204,741.88,3005.2127659574467,2450.8,0.0,0.0,2176.2,0.0,1606.0,0.0,0.0,0.0,0.0,2474.5,1609.0,1945.909090909091,1945.2222222222224,0.0,1035.0,1034.25,0.0,2474.6,1035.1951219512196,2476.0,1607.8,1944.3333333333333,0.0,723.0,0.0,1309.0,0.0,0.0,0.0,126
1337.48,1337.1666666666667,1051.0,1059.8,1335.0,742.04,1051.8163265306123,741.8,1051.64,741.0,1605.893617021277,1051.24,741.56,3030.04,3032.76,3027.4,3033.88,1923.48,342.48837209302326,3036.36,2475.0,1063.0,0.0,2191.64,0.0,0.0,0.0,0.0,0.0,0.0,2496.0,0.0,1943.6666666666667,0.0,0.0,1052.2307692307693,0.0,0.0,2475.6,0.0,2497.6666666666665,0.0,1944.6,0.0,0.0,1581.0,0.0,1944.5,0.0,0.0,127
1325.48,1344.0434782608695,1057.24,1063.5128205128206,1333.8,744.7142857142857,1064.4782608695652,745.08,1063.8333333333333,744.76,1603.32,1063.75,744.44,3027.0,3025.4186046511627,3032.12,3017.64,1923.9756097560976,744.1304347826087,3032.6,2473.4,0.0,0.0,2208.92,1039.0,0.0,0.0,0.0,0.0,767.0,0.0,0.0,1950.2,1951.6666666666667,0.0,0.0,1041.0,0.0,0.0,0.0,0.0,0.0,1951.0,0.0,0.0,0.0,0.0,1951.8,1321.1052631578948,0.0,128
1334.265306122449,1335.0,1054.591836734694,1055.1702127659576,1335.4102564102564,714.265306122449,1053.938775510204,714.3333333333334,1054.4146341463415,715.0,1621.24,1054.3777777777775,739.9473684210526,3041.08,3053.7,3036.28,3047.64,1944.44,739.4705882352941,3045.24,2485.4864864864867,0.0,2212.333333333333,2203.32,1031.0,0.0,1359.0,717.0512820512821,0.0,735.0,0.0,0.0,0.0,0.0,739.0,0.0,1027.8,0.0,2511.0,0.0,2509.0,1603.780487804878,0.0,0.0,714.0222222222222,0.0,0.0,1950.2727272727277,1336.6410256410256,0.0,129
1307.3636363636365,1321.24,1027.0,88.41666666666667,1307.0,727.0,1024.92,729.72,1024.68,729.8,1595.0,1025.32,730.2,3007.4897959183672,3007.8888888888887,3008.304347826087,3000.44,1904.6666666666667,384.2857142857143,2889.32,2468.641025641026,0.0,0.0,2189.48,0.0,1596.142857142857,1333.0,0.0,726.4736842105264,728.1555555555556,0.0,0.0,1915.5128205128208,0.0,0.0,1027.4878048780488,0.0,0.0,0.0,0.0,0.0,1596.2307692307693,1915.4102564102564,0.0,0.0,1593.2,0.0,0.0,1335.0,0.0,130
1330.891891891892,1343.48,1059.8,1048.4117647058824,1338.52,755.0,1050.0243902439024,738.28,1048.9591836734694,754.8048780487804,1613.64,1060.52,753.64,3062.076923076923,3054.52,3060.3658536585367,3034.4,1927.470588235294,763.08,2801.5365853658536,2464.767441860465,1073.4,0.0,2174.121951219512,0.0,1635.0,1357.3333333333333,0.0,753.9787234042553,755.3157894736842,2488.333333333333,0.0,0.0,0.0,0.0,0.0,0.0,0.0,2488.714285714286,0.0,2469.8,0.0,0.0,1071.0,730.5555555555555,0.0,1323.0,0.0,1356.0,2198.1111111111118,131
1324.36,1336.0,1024.5652173913045,1049.1538461538462,1334.0697674418604,743.0,1024.4545454545455,753.32,1035.56,743.0,1600.0,1025.0,743.0,1642.6,2456.92,3064.28,3038.12,1953.88,747.72,2839.583333333333,2468.12,1049.6666666666667,0.0,2179.88,0.0,0.0,0.0,744.0731707317074,741.9268292682926,743.9230769230769,2483.0,0.0,1967.0,1947.205128205128,0.0,1048.0,0.0,743.5,0.0,1050.0,0.0,0.0,0.0,0.0,742.1818181818181,1579.0,0.0,1963.0,0.0,0.0,132
1309.2978723404256,1310.391304347826,1042.7894736842106,1043.2790697674418,1309.3673469387754,743.96,1034.92,743.64,1027.96,743.64,1603.2727272727273,1032.68,742.6,3026.2727272727275,3027.0,3024.30612244898,3027.0,1924.12,744.1666666666666,3038.3469387755104,2463.8,0.0,0.0,2170.68,0.0,0.0,1331.0,0.0,0.0,0.0,0.0,0.0,1939.0,1936.0,0.0,0.0,0.0,0.0,0.0,0.0,2477.0,0.0,1936.3333333333333,0.0,0.0,1577.0,0.0,1936.3333333333333,1335.4,0.0,133
1351.08,1353.96,1052.2,1067.48,1339.571428571429,765.8,1052.0833333333333,767.24,1053.0,768.04,1611.32,1052.142857142857,768.170731707317,3043.48,3051.315789473684,3038.68,3037.32,1943.1176470588236,767.2222222222222,3049.3030303030305,2485.72,0.0,0.0,2203.08,1043.0,1623.4,0.0,0.0,0.0,0.0,2503.0,0.0,0.0,1944.157894736842,0.0,0.0,1043.0,0.0,0.0,0.0,0.0,1601.7692307692307,1943.842105263158,0.0,0.0,0.0,0.0,0.0,1368.3333333333333,0.0,134
1324.2444444444443,1324.8333333333333,1043.7826086956522,1032.44,1323.0,751.0,1043.0,751.0,1043.1739130434785,751.0,1597.0,1041.7555555555557,751.0,3028.0526315789475,3028.5813953488373,3050.2,3035.08,1932.090909090909,751.1,3048.6,2461.222222222222,1043.5263157894738,0.0,2170.744680851064,1041.8444444444444,0.0,0.0,751.7,747.1904761904761,751.780487804878,0.0,1609.0,1931.7619047619048,0.0,751.6829268292682,0.0,1016.6,751.5454545454545,0.0,0.0,0.0,0.0,0.0,0.0,746.3488372093024,0.0,1299.0,1959.0,0.0,2179.0,135
1324.128205128205,1337.96,1039.0,1027.56,1335.8,744.76,1040.04,745.08,1040.28,744.2,1602.04,1039.0,744.2,3026.675675675676,3027.0,3035.8,3032.84,1920.84,745.2105263157895,3027.0,2454.906976744186,0.0,0.0,2166.6,0.0,1609.4,1350.2727272727273,0.0,0.0,0.0,2480.333333333333,1592.7894736842106,1951.0,0.0,0.0,1041.6976744186047,1038.6521739130435,0.0,2480.1428571428573,1039.4347826086955,0.0,0.0,0.0,0.0,0.0,0.0,0.0,0.0,1351.0,0.0,136
1320.860465116279,1321.2857142857142,1040.3636363636365,1031.72,1320.5454545454545,747.4324324324324,1015.936170212766,746.2820512820513,1026.2,747.7368421052631,1600.92,1014.7948717948718,747.9302325581396,3046.52,3021.553191489362,3046.52,3030.52,1922.6,520.2391304347826,3041.96,2447.88,1041.6666666666667,2191.0,2169.1666666666665,0.0,1615.0,0.0,0.0,724.6666666666666,755.0,0.0,1593.974358974359,0.0,1927.842105263158,0.0,0.0,1007.0,755.0,0.0,1039.4,0.0,1613.0,0.0,0.0,723.6666666666666,0.0,1296.142857142857,0.0,0.0,2193.0,137
1335.0,1335.7441860465117,1047.0,1054.76,1336.2,760.92,1047.88,762.7209302325581,1047.0,762.0204081632653,1606.04,1047.24,751.0,3047.16,3040.297297297297,3058.68,3029.72,1931.08,751.4,3066.589743589744,2466.148936170213,0.0,0.0,2183.0,0.0,1621.0,1337.0869565217392,0.0,0.0,0.0,0.0,1619.5,0.0,1956.0,771.0,1047.9302325581396,0.0,0.0,2487.0,0.0,2491.0,1596.2631578947369,1935.8,1048.2307692307693,735.0,0.0,1334.578947368421,1959.0,1335.952380952381,2187.095238095238,138
1307.0,233.66666666666663,1018.0909090909092,368.3265306122449,1307.0,701.6315789473684,1017.7234042553192,725.7826086956521,1025.4,703.0,1586.68,1026.92,715.88,3046.9166666666665,3011.7179487179487,3047.5,3020.52,1922.04,19727.94,2840.3023255813955,2445.3414634146343,1040.3333333333333,0.0,2181.2,0.0,0.0,1307.6666666666667,707.8,0.0,725.6666666666666,0.0,0.0,1939.0,1915.820512820513,0.0,1041.0,0.0,0.0,2467.0,0.0,0.0,0.0,1935.0,0.0,702.3,0.0,1306.2727272727273,1937.6666666666667,0.0,0.0,139
1293.7317073170732,1305.24,1027.72,1022.2,1316.0666666666666,707.0,1027.0,721.08,1027.0,707.0,1572.92,1027.0,706.0204081632653,3008.04,3008.84,3005.56,2995.0,1911.0,716.1304347826087,3011.72,2440.68,1027.6222222222225,2191.0,2164.6326530612246,1026.5348837209303,0.0,1318.111111111111,709.5454545454545,705.9767441860465,711.1025641025641,0.0,1579.6666666666667,1919.0,0.0,0.0,0.0,1026.4782608695652,731.0,0.0,1027.3636363636365,0.0,0.0,1919.0,1027.6315789473683,706.4666666666667,0.0,0.0,0.0,0.0,2183.0,140
1321.16,1320.7297297297298,1034.84,1041.2564102564102,1320.36,750.76,1017.7234042553192,732.6585365853658,1017.4,730.0,1587.3157894736842,1033.72,757.1739130434783,3016.52,3018.2,3010.84,3016.92,1904.7777777777776,737.7317073170732,3013.32,2470.68,1040.3333333333333,0.0,2189.8,0.0,0.0,0.0,755.8,0.0,0.0,0.0,0.0,1931.0,1929.0,756.7777777777778,0.0,0.0,0.0,0.0,0.0,2487.0,0.0,0.0,1041.0,0.0,0.0,0.0,1927.0,0.0,0.0,141
1327.1,1322.92,1046.12,1041.48,1339.24,726.1666666666666,1046.28,751.0,1045.3255813953488,727.0,1594.8947368421052,1047.0,726.4545454545455,3028.76,3028.44,3021.88,3044.52,1924.12,747.16,3037.428571428572,2481.88,0.0,0.0,2195.0,0.0,1617.6666666666667,1350.2,751.0,0.0,751.0,2493.5454545454545,1618.5,0.0,0.0,751.4102564102565,0.0,1021.2857142857144,749.0,0.0,0.0,0.0,0.0,0.0,0.0,0.0,1575.0,0.0,0.0,0.0,2199.3,142
1307.75,1320.76,1022.12,1029.16,1307.0,730.12,1021.72,729.3673469387755,1021.48,728.6326530612245,1584.44,1021.4489795918367,729.3673469387755,2976.909090909091,2992.04,2976.2380952380954,2976.0666666666666,1892.12,729.530612244898,2994.52,2456.44,0.0,0.0,2171.56,0.0,1600.0,1333.0,0.0,0.0,0.0,0.0,1603.0,0.0,0.0,739.0,0.0,0.0,739.0,0.0,1031.0,0.0,0.0,1905.0,0.0,719.0,0.0,0.0,1909.0,1308.3658536585365,0.0,143
1323.0,1315.88,1014.2340425531914,730.52,1323.4897959183672,751.0,1028.36,751.0,1014.5555555555557,751.0,1586.1764705882354,1013.8717948717948,751.0,3009.0,3001.4210526315787,3000.3,2989.88,1897.6666666666667,748.3658536585366,2995.16,2463.0,0.0,0.0,2164.428571428572,0.0,0.0,1323.952380952381,751.695652173913,750.3333333333334,751.7441860465116,0.0,1587.0975609756097,1927.0,1925.0,752.0,1040.3333333333333,0.0,752.2444444444444,2465.1052631578946,1039.0,0.0,1587.2105263157894,0.0,1039.8,750.6190476190476,1558.5555555555557,1322.2,1899.6315789473683,0.0,2189.5,144
1309.48,1311.08,1022.36,1035.0,1316.2727272727273,722.36,1035.0,722.12,1033.48,721.96,1579.96,1034.36,721.8571428571429,3000.4,3000.511111111111,3007.56,3000.6216216216217,1903.88,719.1666666666666,2997.32,2430.121951219512,1035.4545454545455,2182.0,2163.32,1034.4666666666667,0.0,0.0,0.0,0.0,0.0,0.0,0.0,0.0,0.0,0.0,0.0,0.0,743.0,2451.3636363636365,0.0,0.0,0.0,1919.0,0.0,0.0,0.0,0.0,1920.6,0.0,0.0,145
1307.72,235.8,1028.12,1028.2631578947369,1307.88,736.1818181818181,1028.04,712.5652173913044,1028.84,712.6,1575.0,1027.96,712.7021276595744,3004.6,2997.96,3038.12,3015.260869565217,1888.860465116279,525.304347826087,2841.5777777777776,2445.24,0.0,0.0,2171.48,0.0,1595.7272727272727,0.0,0.0,713.0,0.0,2469.0,1597.6666666666667,1907.0,0.0,736.0,0.0,0.0,735.0,0.0,0.0,0.0,1599.3636363636365,0.0,0.0,0.0,1552.4545454545455,0.0,1912.3333333333333,0.0,0.0,146
1319.0,1319.235294117647,1031.96,1039.56,1319.0,728.8666666666667,1031.0,729.32,1032.2,729.7317073170732,1598.6,1032.2244897959183,739.8,3021.64,3012.6521739130435,3019.64,3028.76,1914.6,532.0416666666666,3022.76,2453.0408163265306,1031.595744680851,2183.3636363636365,2172.28,1030.7209302325582,1611.0,1320.391304347826,750.5555555555555,0.0,750.2,2479.0,1614.2727272727273,1924.3333333333333,0.0,0.0,0.0,1023.0,0.0,2475.0,0.0,2479.0,0.0,0.0,0.0,0.0,0.0,1318.6,1925.0,1320.1162790697674,0.0,147
1322.28,1313.1538461538462,1037.042553191489,651.56,1321.857142857143,720.3636363636364,1037.139534883721,720.2,1035.0,719.0,1604.36,1037.0408163265306,719.0,3004.84,3011.4,3011.16,3019.3636363636365,1899.909090909091,506.5581395348837,3002.52,2464.36,0.0,0.0,2176.68,1013.2857142857144,1612.090909090909,0.0,720.0,697.6666666666666,0.0,0.0,1611.8,1923.8,0.0,0.0,1047.0,1015.0,720.1428571428571,0.0,0.0,0.0,1613.857142857143,1900.4736842105265,1036.090909090909,718.3846153846154,0.0,0.0,1900.619047619048,1331.0,0.0,148
1306.0243902439024,1317.0,1023.5714285714286,92.24444444444444,1305.3673469387754,734.12,1021.24,748.44,1023.0,734.12,1592.12,1021.72,734.36,3005.32,2991.3,3003.56,3001.72,1894.6666666666667,439.9,3007.608695652174,2461.88,0.0,2204.714285714286,2181.08,0.0,1603.0,1331.4444444444443,0.0,0.0,0.0,2470.0,1602.6,0.0,0.0,0.0,1047.0,0.0,0.0,0.0,0.0,0.0,0.0,0.0,1023.4761904761904,0.0,0.0,0.0,0.0,0.0,0.0,149
1295.2727272727273,239.5581395348837,1015.8695652173913,82.28888888888889,1295.1951219512196,730.12,1016.191489361702,730.3636363636364,1025.08,730.28,1587.7,1015.3333333333334,730.52,2995.0,2995.0,2989.96,2995.0,1901.1333333333332,187.5,2992.52,2439.4,1040.3333333333333,2183.0,2169.08,0.0,0.0,1319.0,0.0,0.0,0.0,0.0,1587.3555555555556,0.0,0.0,739.0,1039.0,0.0,0.0,0.0,1039.0,0.0,1587.952380952381,0.0,0.0,0.0,1565.857142857143,0.0,0.0,1319.0,0.0,150
1304.68,1302.44,1022.448275862069,1020.76,1292.75,721.64,1007.0,730.2,1007.0,721.0,1585.139534883721,1007.0,720.68,2973.153846153846,2983.72,2995.0,2963.48,1888.92,705.3157894736842,2886.12,2445.88,1007.8571428571428,2189.6666666666665,2164.0666666666666,1006.219512195122,0.0,0.0,0.0,0.0,0.0,0.0,1587.0,0.0,0.0,0.0,0.0,995.0,0.0,0.0,0.0,0.0,0.0,0.0,1031.3333333333333,0.0,1563.0,0.0,0.0,0.0,2188.0,151
1331.7826086956522,1332.0,1051.1,1040.52,1332.0833333333333,736.04,1028.92,741.24,1029.0,734.52,1606.76,1028.6666666666667,736.2,3023.8205128205127,3031.32,3029.0,3032.68,1913.4,746.76,3030.92,2464.6,0.0,2200.6,2182.52,0.0,0.0,0.0,0.0,0.0,0.0,0.0,0.0,1935.0,1912.8260869565215,0.0,0.0,0.0,0.0,0.0,1053.0,0.0,0.0,1936.3333333333333,0.0,0.0,0.0,1309.0,0.0,0.0,0.0,152
1308.44,1308.061224489796,1027.0,1028.6326530612246,1309.0,730.52,1025.88,736.2727272727273,1027.0,723.16,1567.0,1028.76,736.469387755102,3004.6,3004.36,3005.32,3006.68,1890.2380952380952,736.6363636363636,2997.3809523809523,2449.48,0.0,0.0,2164.04,0.0,0.0,0.0,0.0,0.0,0.0,2475.0,0.0,0.0,0.0,0.0,1027.2926829268292,0.0,0.0,0.0,0.0,0.0,0.0,0.0,1028.157894736842,0.0,1565.857142857143,0.0,0.0,0.0,0.0,153
1304.25,794.92,1011.32,1018.68,1305.0,729.4166666666666,1011.4,729.48,1009.96,729.0408163265306,1584.36,1010.28,729.16,3036.76,3015.08,3044.2,3002.44,1891.24,742.12,3033.08,2456.44,0.0,0.0,2173.48,0.0,0.0,1329.0,755.0,719.0,755.0,0.0,0.0,1907.93023255814,0.0,0.0,0.0,0.0,0.0,0.0,0.0,0.0,0.0,0.0,0.0,0.0,0.0,0.0,0.0,0.0,0.0,154
1317.0,1322.52,1011.5454545454544,1024.6,1322.52,748.2173913043479,1017.24,749.2127659574468,1010.9166666666666,741.8,1591.0,1010.68,748.2173913043479,2999.0975609756097,2999.4210526315787,2998.6279069767443,3007.8,1899.923076923077,454.5111111111111,2889.32,2464.904761904762,0.0,2199.0,2175.08,0.0,1599.0,0.0,0.0,728.0,0.0,0.0,0.0,0.0,0.0,0.0,1035.0,0.0,0.0,0.0,0.0,0.0,0.0,0.0,1037.0,0.0,1590.0243902439024,0.0,0.0,0.0,0.0,155
1322.36,1315.734693877551,1031.0,1031.0,1315.0,747.0,1031.0,747.3265306122449,1031.0,748.2,1594.12,1031.0,748.12,3016.2,3014.28,3013.16,3013.72,1894.2,741.4,3013.0,2460.68,1031.1818181818182,2199.0,2176.872340425532,1030.5,1603.4444444444443,0.0,0.0,745.8717948717949,748.2307692307693,0.0,1603.4444444444443,1907.0,1907.0,755.0,1031.3555555555556,1030.28,0.0,0.0,1031.0,0.0,0.0,1911.0,1031.1,0.0,0.0,0.0,1909.0,1340.0,2200.333333333333,156
1303.936170212766,1288.44,1028.4883720930231,1028.3333333333333,1303.0,750.12,1043.96,761.1904761904761,1038.52,752.2,1575.64,1028.047619047619,737.8837209302326,3015.48,3018.04,3004.6363636363635,3005.086956521739,1903.88,353.0208333333333,3004.5454545454545,2425.583333333333,0.0,0.0,2171.56,0.0,0.0,0.0,0.0,0.0,0.0,2448.6,0.0,1915.888888888889,1916.0,0.0,1051.571428571429,1019.0,761.8571428571429,2445.0,1051.0,0.0,0.0,0.0,0.0,0.0,0.0,1281.6666666666667,0.0,0.0,0.0,157
1343.0,1336.84,1053.64,1074.92,1343.8333333333333,752.1428571428571,1068.92,752.795918367347,1069.32,752.2,1599.08,1068.2,751.96,3041.8,3042.92,3042.36,3046.04,1936.7142857142856,765.96,3012.92,2480.12,0.0,0.0,2198.6,0.0,1612.0731707317073,1343.923076923077,0.0,0.0,763.0,0.0,0.0,0.0,0.0,779.0,0.0,0.0,0.0,0.0,0.0,0.0,1619.0,0.0,0.0,0.0,0.0,1341.9268292682927,0.0,1343.8,0.0,158
1304.76,232.6829268292683,1027.8,91.29545454545456,1304.6326530612246,717.4,1027.64,709.9387755102041,1027.0,720.92,1573.7777777777778,1025.530612244898,721.08,2984.6744186046512,2991.8,2984.395348837209,2984.4857142857145,1863.08,228.04444444444445,2980.36,2440.217391304348,0.0,0.0,2175.72,0.0,0.0,0.0,0.0,0.0,0.0,0.0,1598.0,1880.0526315789475,1879.5128205128208,719.0,0.0,0.0,0.0,2462.0,1035.0,0.0,1598.2,1902.0,1027.7179487179487,0.0,1551.0,0.0,0.0,0.0,0.0,159
1289.468085106383,221.2340425531915,1004.76,429.0,1289.0,720.25,1004.68,744.7894736842105,1005.0408163265306,743.75,357.51162790697674,1004.3877551020408,744.5652173913044,2999.0,3001.4166666666665,2999.521739130435,2976.116279069768,1886.2820512820515,19799.76,1078.2727272727273,2443.0,0.0,2176.333333333333,2153.8571428571427,0.0,0.0,1311.0,0.0,0.0,743.0,0.0,0.0,0.0,0.0,0.0,0.0,0.0,0.0,2444.0,1015.0,0.0,0.0,1899.4102564102564,1015.0,719.0,0.0,0.0,0.0,1312.7142857142858,2177.8571428571427,160
1329.4,257.3,1040.795918367347,1041.5454545454545,1329.4,748.4166666666666,1040.8181818181818,748.531914893617,1030.6,749.5714285714286,1589.1052631578948,1033.48,749.204081632653,3022.2,3029.32,3030.2,3010.92,1891.4,748.7894736842105,2999.48,2461.6666666666665,0.0,0.0,2174.76,1016.3333333333334,0.0,0.0,759.0,727.0,0.0,0.0,0.0,0.0,0.0,0.0,0.0,0.0,0.0,0.0,0.0,2471.0,0.0,0.0,0.0,725.2857142857143,1563.5,0.0,0.0,0.0,0.0,161
1315.0,588.92,1033.88,1035.0,1315.0,728.44,1035.0,728.68,1035.0,728.6,1598.5744680851064,1035.0,728.84,3017.96,3014.2,3040.387755102041,3009.88,1900.92,735.8510638297872,3031.5882352941176,2457.9565217391305,1035.3076923076924,2189.333333333333,2171.88,1034.063829787234,1603.0,1316.0,0.0,0.0,0.0,0.0,1603.0,0.0,0.0,0.0,0.0,1034.5833333333333,0.0,2482.0,1035.1777777777777,0.0,0.0,0.0,1035.0,0.0,1553.6666666666667,1314.7894736842106,0.0,1315.8181818181818,0.0,162
1293.6122448979593,220.17073170731703,1037.530612244898,90.81395348837208,1294.0697674418604,743.0,1036.6,742.6,1036.76,743.0,1586.52,1036.52,743.4081632653061,3005.086956521739,2995.8,3004.128205128205,2991.24,1881.0,17427.32,3004.828571428572,2434.84,0.0,0.0,2162.183673469388,0.0,0.0,1315.0,744.0232558139535,742.3170731707318,743.9302325581396,2444.6,0.0,1888.3333333333333,0.0,0.0,0.0,0.0,0.0,0.0,0.0,0.0,0.0,0.0,0.0,742.2820512820513,0.0,0.0,0.0,1320.0,2187.0,163
1316.68,1316.1555555555556,1037.88,1037.4,1315.0,749.204081632653,1037.96,749.24,1037.64,748.92,1583.9473684210527,1038.12,749.8,3014.92,3002.7894736842104,3010.52,3003.923076923077,1890.84,749.6666666666666,2805.0,2463.24,0.0,0.0,2187.0,0.0,0.0,0.0,0.0,739.0,0.0,0.0,0.0,0.0,0.0,0.0,0.0,0.0,0.0,0.0,0.0,2479.0,0.0,0.0,0.0,0.0,1561.5454545454545,0.0,0.0,0.0,2187.7,164
1308.92,1313.08,1020.818181818182,1044.025641025641,1301.6666666666667,738.76,1020.4545454545456,733.1739130434783,1021.1395348837208,733.0,1586.3333333333333,1027.24,732.578947368421,3011.3636363636365,3012.9,3011.6666666666665,3019.4,1895.48,748.04,3001.64,2449.96,1046.3333333333333,0.0,2181.4,0.0,0.0,0.0,754.0,0.0,0.0,0.0,0.0,0.0,1931.6666666666667,758.0,1043.6666666666667,0.0,756.0,0.0,0.0,0.0,0.0,1930.0,1045.2857142857142,0.0,1563.0,0.0,0.0,1327.0,0.0,165
1299.72,1303.24,1019.88,429.1224489795918,1300.061224489796,728.8095238095239,1020.52,710.68,1019.64,704.8536585365854,1570.9024390243903,1019.72,728.3684210526316,2998.92,2996.28,3001.24,3005.48,1892.12,729.7619047619048,3005.88,2448.853658536585,0.0,2176.170731707317,2164.76,0.0,0.0,0.0,728.3333333333334,704.0,0.0,2471.0,0.0,1905.0,1881.3333333333333,0.0,0.0,0.0,0.0,2471.0,0.0,2472.6,0.0,1903.0,0.0,0.0,0.0,0.0,1899.0,0.0,0.0,166
1303.0,729.8,1020.84,1021.051282051282,1279.2,703.7272727272727,1021.08,716.6,1020.92,712.04,1569.190476190476,1020.2,704.3061224489796,2992.12,2993.88,2993.24,2983.324324324324,1851.64,19786.66,2992.52,2440.6,0.0,0.0,2158.84,0.0,0.0,1304.0731707317073,0.0,0.0,731.0,0.0,0.0,0.0,1903.0,0.0,0.0,0.0,727.0,0.0,0.0,0.0,0.0,0.0,0.0,0.0,1543.0,1301.6666666666667,0.0,0.0,0.0,167
1322.2888888888888,1313.32,1010.6,1010.3142857142856,1315.48,726.2,1011.32,725.2857142857143,1011.3636363636364,726.12,1588.860465116279,1011.5833333333334,725.72,3007.260869565217,3005.72,3006.673469387755,2997.16,1888.76,742.44,2994.36,2443.48,0.0,2179.0,2157.6666666666665,0.0,0.0,0.0,0.0,0.0,0.0,0.0,0.0,0.0,0.0,743.0,0.0,0.0,0.0,0.0,1037.0,0.0,1587.9,0.0,1038.3333333333333,0.0,1563.6666666666667,1298.2,1897.4,0.0,2181.0,168
1317.64,1327.08,1050.1020408163265,1037.88,1326.04,759.0,1041.88,760.9166666666666,1049.4,759.0,1599.6153846153843,1049.842105263158,759.0,3016.3023255813955,3015.6315789473683,3015.3809523809523,3005.88,1891.08,751.24,3022.12,2462.44,0.0,0.0,2173.25,0.0,0.0,0.0,767.0,754.578947368421,760.4736842105264,0.0,0.0,1905.6666666666667,0.0,0.0,0.0,1026.6666666666667,759.6315789473684,0.0,0.0,0.0,1609.0,0.0,0.0,737.4,1577.0,0.0,0.0,1314.0,2197.0,169
1303.9795918367347,1303.0,1039.64,1040.28,1304.04,733.56,1036.04,733.4,1039.96,733.48,1569.48,1031.4,733.88,2992.7,3002.84,3002.36,3009.0,1867.96,733.8333333333334,3001.88,2453.0,0.0,0.0,2170.3777777777777,0.0,0.0,0.0,0.0,0.0,0.0,0.0,1595.0,0.0,0.0,0.0,0.0,0.0,0.0,0.0,0.0,2465.6666666666665,0.0,0.0,0.0,0.0,0.0,1295.0,0.0,0.0,2194.2,170
1341.16,1333.0,1049.8,1047.32,1339.24,749.8571428571429,1042.2173913043478,749.96,1042.7333333333331,750.04,1595.0,1041.25,749.88,3026.28,3027.48,3025.88,3027.08,1907.0,751.0,3010.12,2460.714285714286,1067.0,0.0,2197.222222222222,0.0,1596.1,0.0,0.0,739.0,0.0,2487.0,1619.0,0.0,1909.952380952381,0.0,0.0,0.0,0.0,2484.0,1069.0,2484.777777777778,1595.6829268292684,1931.0,1067.0,0.0,1594.179487179487,0.0,1930.0,0.0,2219.0,171
1336.84,1336.3061224489795,1043.72,1055.75,1336.6,754.04,1040.36,756.52,1045.24,736.6744186046511,1596.6,1041.88,753.4,3021.08,3029.5116279069766,3029.7,3031.0,1919.842105263158,754.84,3036.30612244898,2468.12,0.0,0.0,2185.1,0.0,1587.1025641025642,0.0,761.8571428571429,0.0,0.0,0.0,0.0,1939.0,1946.636363636364,0.0,0.0,0.0,0.0,0.0,0.0,0.0,0.0,0.0,0.0,0.0,0.0,0.0,1947.0,0.0,2208.6,172
1304.68,231.93617021276597,1000.0526315789474,81.8936170212766,1305.08,737.64,999.936170212766,737.32,1011.48,737.48,1573.2564102564102,1006.84,736.92,2997.9,2999.0,2997.6382978723404,3000.1,1884.92,737.1714285714286,1683.96,2436.84,1027.0,2185.0,2161.08,0.0,1583.0,0.0,0.0,0.0,0.0,2451.333333333333,0.0,0.0,0.0,0.0,1024.0,0.0,0.0,0.0,0.0,2475.0,0.0,0.0,0.0,0.0,1547.7272727272727,0.0,0.0,0.0,0.0,173
1323.0,1329.24,1044.28,1039.4,1321.938775510204,764.8461538461538,1056.4222222222222,753.56,1049.4,765.6315789473684,1612.68,1033.4,754.2,3029.162162162162,3029.8571428571427,3029.4864864864867,3020.52,1919.8235294117649,747.96,3029.358974358974,2467.8,0.0,2203.4444444444443,2188.28,1032.6,0.0,1326.4146341463415,0.0,743.7272727272727,0.0,0.0,0.0,1920.1304347826087,1943.0,0.0,0.0,0.0,0.0,0.0,0.0,0.0,0.0,1943.0,0.0,741.3333333333334,0.0,1322.076923076923,0.0,1346.0,0.0,174
1303.0,1312.36,1017.72,1029.0,1303.32,724.92,1019.16,725.32,1018.52,725.32,1565.909090909091,1018.52,725.72,2989.4761904761904,2990.304347826087,3004.2,2990.2195121951218,1898.2,731.2857142857143,3012.2631578947367,2442.4418604651164,0.0,2178.1111111111118,2155.0,0.0,1568.128205128205,1303.857142857143,0.0,0.0,0.0,0.0,1591.0,0.0,0.0,0.0,0.0,0.0,0.0,2465.285714285714,0.0,2467.0,1587.0,1911.5263157894735,0.0,0.0,1542.3333333333333,1302.219512195122,0.0,1304.1707317073171,2155.5714285714284,175
1320.021276595745,1313.96,1038.44,1037.2325581395348,1301.96,744.3617021276596,1039.0,733.72,1039.0,744.4222222222222,1588.2682926829268,1036.44,727.96,3015.88,3009.153846153846,3009.122448979592,3008.52,1900.75,741.64,3009.4347826086955,2458.44,1039.571428571429,2181.6666666666665,2169.96,1038.2888888888888,0.0,0.0,0.0,720.3333333333334,0.0,0.0,1587.780487804878,0.0,0.0,0.0,0.0,0.0,0.0,0.0,0.0,0.0,0.0,0.0,1039.820512820513,721.4,1564.0,1296.3333333333333,0.0,0.0,0.0,176
1320.92,1322.4146341463415,1028.3061224489795,1015.08,1321.16,737.24,1028.6,736.84,1028.84,737.08,1576.2307692307693,1029.08,737.16,3014.44,3018.36,3018.2,3012.92,1911.16,734.7894736842105,3014.2,2450.809523809524,0.0,0.0,2179.68085106383,0.0,0.0,0.0,0.0,0.0,0.0,2473.6666666666665,0.0,1918.3333333333333,0.0,0.0,0.0,0.0,0.0,2474.0,0.0,2473.0,0.0,0.0,0.0,0.0,0.0,0.0,1915.6666666666667,0.0,0.0,177
1343.24,1343.64,1049.64,1015.88,1333.0,765.8,1049.3673469387754,766.44,1049.4,765.24,1597.8,1048.68,765.16,3037.8,3039.0,3038.68,3031.0,1925.08,765.4,3019.5106382978724,2460.76,1059.0,0.0,2186.44,0.0,1599.8,0.0,0.0,0.0,0.0,0.0,1600.2093023255811,0.0,0.0,0.0,0.0,0.0,0.0,0.0,0.0,2495.4444444444443,1599.820512820513,1936.3333333333333,0.0,0.0,0.0,0.0,0.0,0.0,0.0,178
1299.0,1306.92,1032.68,1039.0,1298.92,730.6,1027.72,731.32,1015.0,729.88,1581.0,1014.9130434782608,730.92,3012.2,3024.860465116279,3017.0,3009.08,1883.88,737.88,3000.36,2439.0,0.0,2192.5,2180.44,0.0,1575.0,1325.0,0.0,0.0,0.0,0.0,0.0,0.0,0.0,0.0,0.0,0.0,0.0,2440.7391304347825,1037.0,0.0,1591.0,0.0,1016.170731707317,0.0,0.0,0.0,1911.0,1323.0,0.0,179
1307.8695652173913,662.04,1019.16,79.11363636363636,1307.408163265306,713.16,1005.5217391304348,713.3673469387755,1005.0,713.0,1558.84,1006.3777777777776,713.0,3009.56,3011.08,3008.92,3026.3846153846152,1656.3953488372092,133.82051282051282,2984.2,2445.08,1030.0,0.0,2174.8367346938776,0.0,0.0,0.0,0.0,0.0,0.0,0.0,0.0,0.0,1911.7272727272727,739.0,0.0,0.0,0.0,0.0,1026.2,2467.0,0.0,0.0,1029.0,0.0,0.0,1284.0,0.0,0.0,0.0,180
1309.25,1331.0,1022.1304347826087,1036.84,1308.787234042553,735.64,1023.0,735.3265306122449,1022.4285714285714,736.52,1601.4,1021.9333333333332,736.6,3015.32,3022.897435897436,3014.2,3024.294117647059,1906.44,743.88,3017.48,2468.826086956521,1023.3478260869564,2199.7179487179487,2189.0,1022.6521739130436,0.0,1335.0,0.0,0.0,0.0,0.0,0.0,0.0,0.0,0.0,1044.0,0.0,0.0,0.0,1048.6,0.0,0.0,0.0,1047.0,0.0,1580.6,0.0,1913.0,1329.0,0.0,181
1309.8,1308.953488372093,1010.92,1019.9795918367348,1308.36,729.0425531914893,997.88,728.9591836734694,997.32,729.2439024390244,1579.0,997.48,729.32,3011.32,3012.12,3007.88,3007.64,1882.4,715.0,2994.92,2450.36,0.0,2176.0526315789475,2175.96,0.0,0.0,0.0,0.0,705.0,739.0,2469.6666666666665,1607.0,0.0,0.0,0.0,0.0,0.0,0.0,0.0,0.0,0.0,1601.4,1891.0,0.0,704.7777777777778,1578.157894736842,0.0,0.0,0.0,0.0,182
1311.0,1282.9183673469388,1032.0833333333333,1012.12,1312.2,713.16,1031.0,712.68,1032.469387755102,714.3469387755102,1573.32,1032.142857142857,713.32,3013.4166666666665,3006.6,3012.387755102041,3016.36,1895.255319148936,713.046511627907,3006.1020408163267,2445.3414634146343,1031.923076923077,0.0,2166.44,1025.6666666666667,0.0,1312.128205128205,731.0,0.0,0.0,0.0,0.0,0.0,1919.0,0.0,0.0,1023.0,0.0,0.0,0.0,2471.0,0.0,0.0,0.0,0.0,0.0,1307.1,0.0,0.0,0.0,183
1304.44,1309.0,1028.52,1032.44,1303.8163265306123,725.72,1028.68,734.04,1028.52,733.0,1578.6,1028.04,733.64,3008.84,3009.64,3006.12,2999.0,1884.636363636364,726.44,2936.92,2457.08,0.0,0.0,2175.0,0.0,1592.4545454545455,0.0,0.0,0.0,0.0,2471.0,1595.0,0.0,0.0,0.0,0.0,0.0,0.0,0.0,0.0,0.0,0.0,0.0,0.0,709.0,0.0,0.0,1884.4,0.0,2176.230769230769,184
1312.142857142857,515.48,1029.4,92.87234042553192,1311.0,715.0,1030.04,702.52,1031.0,715.0,1587.24,1029.1538461538462,715.0,3012.6,3009.8,3011.64,2996.28,1896.756097560976,697.64,3012.2,2461.16,0.0,2207.6666666666665,2184.44,0.0,1601.0,0.0,715.3,714.3913043478261,715.3720930232558,2479.0,1603.0,0.0,0.0,0.0,0.0,0.0,716.0731707317074,0.0,1052.090909090909,0.0,1597.0,0.0,1031.0,714.063829787234,0.0,1303.0,0.0,1312.2173913043478,0.0,185
1313.4,1315.8333333333333,1035.0,93.325,1315.8163265306123,743.0,1035.0,743.0,1035.0,742.04,1598.36,1035.0,742.6734693877551,3029.16,3017.243902439024,3015.9,3024.28,1904.2,741.0952380952381,2925.16,2453.4,1035.8181818181818,0.0,2176.2,1034.3170731707316,1587.6829268292684,0.0,0.0,742.0769230769231,744.0731707317074,2476.777777777778,1587.6153846153843,1922.3333333333333,1923.8,744.2307692307693,1035.6,1034.5121951219512,0.0,2476.6,1035.9565217391305,2475.0,1589.0,1923.0,1035.9565217391305,0.0,0.0,0.0,1921.857142857143,1316.1707317073171,0.0,186
1294.28,1290.1836734693877,1032.953488372093,1022.92,1285.9268292682927,728.52,1020.52,739.0,1033.1666666666667,738.3191489361702,1580.2941176470588,1026.44,730.68,3018.809523809524,3017.938775510204,3018.12,3024.76,1886.2,726.6190476190476,3014.04,2446.44,0.0,0.0,2168.84,0.0,0.0,0.0,0.0,0.0,0.0,0.0,0.0,1894.5,0.0,739.780487804878,0.0,0.0,0.0,0.0,0.0,2467.0,0.0,1895.0,0.0,715.0,1552.3333333333333,0.0,0.0,1310.0,0.0,187
1312.68,221.0,1035.0,76.76086956521739,1295.0,747.0,1035.0,747.0,1033.88,747.0,1585.3255813953488,1032.84,747.0,3047.08,3009.139534883721,3047.72,2997.56,1890.04,23703.08,3042.12,2460.44,1035.2553191489362,2186.0,2187.0,1034.7446808510638,1607.0,0.0,747.3636363636364,746.1818181818181,747.5853658536586,0.0,1607.0,0.0,0.0,747.780487804878,1035.3076923076924,0.0,747.8571428571429,0.0,0.0,2485.0,0.0,1907.0,0.0,746.4042553191489,0.0,0.0,0.0,0.0,2187.5128205128203,188
1313.8,1305.1224489795918,1031.0,95.4,1305.4,743.0,1031.0,743.0,1031.0,743.0,1595.0,1031.0,743.0,2995.9,3005.24,2995.6153846153848,3003.56,1899.96,742.84,3010.6666666666665,2468.84,1031.1,0.0,2183.0,1030.1836734693877,0.0,0.0,743.9756097560976,742.1428571428571,743.780487804878,0.0,0.0,0.0,0.0,744.047619047619,1031.0,1030.1836734693877,743.8,0.0,1031.095238095238,0.0,1605.857142857143,1914.3333333333333,1031.0,742.1,0.0,0.0,1912.3333333333333,0.0,2183.102564102564,189
1303.0,1309.72,1013.56,1025.88,1301.5777777777778,726.6842105263158,1013.08,739.88,1013.48,726.7073170731708,1577.0,1013.0,726.5744680851063,3006.68,3000.6,3005.56,3007.24,1866.6,743.24,3003.32,2444.76,0.0,2188.777777777778,2164.714285714286,0.0,0.0,1304.3684210526317,750.5555555555555,719.0,751.0,0.0,1591.0,0.0,0.0,0.0,0.0,0.0,751.0,0.0,0.0,0.0,0.0,1902.0,0.0,0.0,0.0,1301.8292682926829,1903.0,1327.0,2187.5,190
1308.2,224.08333333333331,1009.48,1000.3333333333334,1306.36,712.1063829787234,1008.68,712.7872340425532,1011.64,710.4736842105264,1559.08,1013.96,711.8,2999.0,2993.0,2994.12,2985.0,1897.0408163265304,709.6666666666666,2992.52,2428.04,0.0,2171.0,2155.8,0.0,0.0,0.0,736.3333333333334,0.0,736.3333333333334,0.0,0.0,0.0,0.0,737.6666666666666,0.0,0.0,734.6,0.0,0.0,2443.6666666666665,0.0,0.0,0.0,0.0,0.0,0.0,1888.3333333333333,0.0,0.0,191
1283.6808510638298,1308.2380952380952,1019.0,1009.64,1299.24,726.1666666666666,1019.0,720.36,1018.76,714.6,1563.235294117647,1018.28,719.16,3004.6,3002.04,3003.4,2994.684210526316,1847.4897959183672,721.8,2885.64,2439.0,1019.8205128205128,2167.0,2151.4,1017.952380952381,1564.1,1301.6666666666667,0.0,707.0,0.0,0.0,0.0,1875.0,1875.6666666666667,0.0,1020.2307692307692,0.0,0.0,2447.0,0.0,0.0,0.0,1875.695652173913,0.0,0.0,1539.3333333333333,0.0,1873.6666666666667,1308.7142857142858,0.0,192
1346.92,1354.92,1069.08,1065.24,1339.8163265306123,761.64,1055.952380952381,763.0,1064.68,761.88,1631.0,1067.0,761.8571428571429,3040.76,3048.058823529412,3042.68,3051.0,1923.56,777.0,3041.4,2476.0,1078.5,0.0,2227.96,0.0,1630.2,0.0,0.0,0.0,0.0,2501.0,1627.0,1940.7777777777776,1942.0,764.0526315789474,0.0,0.0,771.0,2500.333333333333,0.0,0.0,1633.0,1940.7142857142856,0.0,0.0,1626.0526315789473,0.0,1941.3333333333333,1365.0,0.0,193
1301.56,239.51282051282053,1018.219512195122,1032.68,1296.5510204081634,749.32,1032.44,749.72,1017.974358974359,749.56,1563.7368421052631,1039.0,749.08,2987.5263157894738,2987.0,2995.56,2987.5,1863.340425531915,754.76,1100.7142857142858,2435.0,0.0,2175.0,2165.6666666666665,0.0,0.0,0.0,0.0,0.0,0.0,2457.0,0.0,0.0,0.0,0.0,1039.8,1035.3809523809523,0.0,2437.232558139535,1039.7441860465117,0.0,1587.0,0.0,1039.0,0.0,0.0,0.0,0.0,1315.0,0.0,194
1290.92,1284.025641025641,996.4468085106384,998.1666666666666,1290.04,705.96,997.4545454545456,705.48,1006.92,707.0,1563.48,997.7906976744188,707.0,2982.68,2979.16,280.77777777777777,2988.68,1889.2608695652173,707.0,3018.04,2428.395348837209,1019.0,0.0,2154.0526315789475,0.0,0.0,0.0,707.0930232558139,0.0,0.0,2452.333333333333,0.0,1913.909090909091,0.0,0.0,1020.3333333333334,0.0,707.2926829268292,2453.285714285714,1020.7142857142856,0.0,0.0,1913.3333333333333,0.0,706.4285714285714,0.0,0.0,1911.0,1306.111111111111,0.0,195
1329.0869565217392,1328.047619047619,1057.16,1062.12,1328.1818181818182,737.204081632653,1071.820512820513,753.72,1047.0,744.76,1595.9473684210527,1048.0,737.7755102040817,3028.04,3028.04,3032.68,3026.76,1908.3846153846157,761.4827586206897,3031.8,2471.0,0.0,2223.0,2199.454545454545,1048.090909090909,1623.0,0.0,0.0,0.0,763.0,0.0,1625.0,1907.909090909091,0.0,0.0,0.0,1039.0,755.0,2475.5106382978724,1071.0,0.0,0.0,0.0,1048.4883720930231,0.0,1571.0,1304.0,0.0,1353.0,2225.0,196
1309.4,1309.1818181818182,1001.2439024390244,1022.2820512820512,1309.56,711.0,1001.974358974359,711.5333333333333,1016.52,711.0,1566.12,1022.9130434782608,721.72,2998.3846153846152,2998.8,3022.3636363636365,2999.1111111111118,1901.08,711.0,2776.488372093024,2427.4,1025.909090909091,2174.1111111111118,2158.6,0.0,0.0,0.0,734.5,710.6,713.695652173913,0.0,0.0,0.0,0.0,735.0,1024.7777777777778,1000.0,0.0,0.0,0.0,0.0,0.0,1913.857142857143,0.0,0.0,0.0,0.0,1910.4285714285716,0.0,0.0,197
1315.4,1305.4,1033.4,1021.56,1314.5238095238096,725.56,1032.28,739.1951219512196,1033.1739130434785,739.5405405405405,1583.0,1032.92,732.68,3019.16,3010.6363636363635,3010.48717948718,3011.235294117647,1873.56,741.3255813953489,3017.0,2450.8297872340427,0.0,0.0,2183.32,0.0,0.0,1323.0,747.0,0.0,0.0,2473.6666666666665,1605.6666666666667,0.0,0.0,747.0,0.0,0.0,0.0,2472.333333333333,0.0,2454.1794871794878,1584.4,0.0,0.0,717.3333333333334,1582.121951219512,1291.4444444444443,0.0,1316.2,0.0,198
1307.0,1319.08,1018.76,1025.4,1319.4,724.36,1018.04,724.3333333333334,1019.1632653061224,725.0,1575.72,1019.0,725.24,3004.04,3008.28,3008.6,3010.76,1879.64,734.28,3014.1111111111118,2457.8,0.0,2189.0,2168.446808510638,0.0,0.0,1309.3809523809523,0.0,0.0,0.0,2467.7272727272725,0.0,1877.0,0.0,749.0,0.0,0.0,0.0,0.0,0.0,0.0,0.0,1899.0,1027.0,0.0,0.0,1306.157894736842,0.0,1335.0,2192.333333333333,199
1310.265306122449,1281.72,1016.36,1024.7272727272727,199.3636363636364,708.04,1024.44,708.2,1025.72,707.734693877551,1579.96,1024.04,708.36,3020.12,3011.8,3002.619047619048,3009.56,1906.2,720.28,3018.44,2446.121951219512,0.0,0.0,2184.52,0.0,0.0,1335.0,715.0,0.0,0.0,0.0,1599.5,1923.0,1897.1052631578948,0.0,0.0,0.0,0.0,2469.8,0.0,0.0,0.0,1897.051282051282,0.0,0.0,0.0,0.0,1896.756097560976,1312.4,0.0,200
1321.2,1334.44,1040.44,1051.96,1320.872340425532,748.560975609756,1041.24,761.56,1040.7142857142858,748.9512195121952,1602.44,1040.5813953488373,760.52,3026.04,3022.2,3024.76,3026.6,1883.32,749.6315789473684,3041.6666666666665,2484.28,0.0,0.0,2196.7272727272725,0.0,1611.8,1345.0,773.2222222222222,0.0,773.2222222222222,0.0,1611.8,1900.3953488372088,1923.0,0.0,0.0,0.0,0.0,0.0,1064.142857142857,0.0,0.0,1920.3333333333333,1067.0,0.0,0.0,0.0,1919.0,1343.6666666666667,2219.0,201
1304.809523809524,1275.16,1000.75,1011.72,1280.2380952380952,709.56,1000.7142857142856,709.72,1000.84,709.88,1566.52,1022.1,709.9387755102041,2999.1739130434785,2999.333333333333,2998.304347826087,2980.92,1889.72,711.0,2997.139534883721,2436.04,0.0,2176.2631578947367,2151.0,991.0,1571.0,0.0,0.0,0.0,0.0,2445.285714285714,0.0,0.0,1899.0,0.0,1023.0,1000.6,719.0,0.0,0.0,2447.0,1573.0,0.0,0.0,0.0,0.0,1281.5,0.0,0.0,2153.1739130434785,202
1304.4,1316.52,1016.8333333333334,1025.32,1311.96,709.96,1017.3478260869564,713.0,1025.48,727.4347826086956,1563.0,1025.24,713.16,3009.16,3009.0,3010.2,3006.44,1876.8181818181815,718.28,2967.72,2449.4,1038.0,0.0,2165.608695652174,0.0,1589.6666666666667,1328.6,0.0,0.0,0.0,0.0,1586.0,1902.0,0.0,0.0,1039.0,0.0,0.0,0.0,0.0,0.0,0.0,0.0,0.0,703.0,0.0,0.0,1899.0,1329.6666666666667,2187.0,203
1330.36,1330.5555555555557,1036.04,1032.795918367347,1330.04,733.75,1020.6,733.4,1020.4545454545456,733.3478260869565,1586.76,1020.84,734.1666666666666,3027.0,3025.1463414634145,3031.64,3022.52,1897.4489795918369,733.1395348837209,3018.04,2461.8,1045.4,0.0,2182.36,0.0,0.0,0.0,756.0,0.0,759.0,0.0,1603.0,0.0,0.0,0.0,0.0,0.0,755.0,0.0,0.0,0.0,0.0,0.0,1044.3333333333333,0.0,0.0,0.0,0.0,0.0,0.0,204
1307.0,707.18,1023.0,1044.658536585366,1313.16,732.36,1021.56,737.24,1021.8837209302326,730.9183673469388,1588.68,1021.5777777777778,740.28,3009.48,3015.32,3016.6,3024.7391304347825,1867.64,396.1304347826087,2999.6315789473683,2440.4222222222224,0.0,0.0,2186.28,0.0,1595.9,1308.2307692307693,0.0,0.0,0.0,0.0,1596.1304347826087,0.0,1903.571428571429,0.0,1023.0,0.0,0.0,2463.0,1046.2,0.0,0.0,0.0,1042.3333333333333,723.0,0.0,1305.842105263158,0.0,1331.5,0.0,205
1300.8333333333333,1310.28,1034.92,1028.36,1301.0,728.76,1029.72,729.48,1019.0,729.3333333333334,1583.32,1032.84,729.32,2995.102564102564,3018.2,3001.4,3007.64,1876.6,742.76,3005.72,2449.08,0.0,0.0,2175.4,0.0,0.0,1325.0,755.0,0.0,0.0,0.0,1592.7142857142858,1899.0,0.0,0.0,0.0,0.0,0.0,0.0,0.0,0.0,0.0,1903.0,1043.0,0.0,0.0,0.0,0.0,1323.3636363636365,0.0,206
1307.0,1307.1702127659576,1025.96,1026.76,1307.0,709.48,1033.0,709.1224489795918,1033.32,709.56,1580.25,1033.4,709.48,3028.76,3027.16,3025.16,3025.8,1878.76,723.08,3018.84,2453.6382978723404,0.0,0.0,2170.84,0.0,0.0,1307.4102564102564,0.0,0.0,0.0,0.0,0.0,1865.4615384615383,0.0,727.0,0.0,0.0,0.0,2476.333333333333,0.0,0.0,0.0,1884.090909090909,0.0,0.0,0.0,1305.9565217391305,1865.952380952381,0.0,0.0,207
1304.92,1296.4444444444443,1009.72,1009.8837209302326,1296.7272727272727,720.52,1009.8,720.12,1009.64,719.8979591836735,1582.090909090909,1009.88,719.0,2995.72,2998.76,3002.04,3002.28,1871.56,720.12,3007.32,2446.6,0.0,2183.0,2168.6,0.0,1560.428571428571,0.0,731.0,0.0,0.0,2459.5,1576.3333333333333,1890.0,1887.8,0.0,0.0,0.0,720.0,0.0,0.0,0.0,1563.3157894736842,1868.5,0.0,0.0,1559.0,0.0,0.0,1320.7142857142858,0.0,208
1335.8333333333333,1345.08,1064.44,1053.875,1334.7073170731708,759.4081632653061,1069.4,759.0,1078.5,759.0,1617.4,1070.04,759.88,3042.92,3046.12,3038.68,3043.08,1928.36,748.5510204081633,3057.8,2497.742857142857,0.0,0.0,2202.2,0.0,1625.4,1359.0,759.5581395348837,751.0,0.0,0.0,1624.7142857142858,1945.6666666666667,1941.6666666666667,759.8695652173913,0.0,0.0,0.0,2523.8,0.0,0.0,0.0,1921.434782608696,0.0,758.2727272727273,0.0,1327.0,0.0,1336.0232558139537,2229.181818181818,209
1303.75,1309.0,1018.52,1018.7446808510638,1303.0,723.0,1018.7446808510638,723.0,1018.7551020408164,722.2,1567.0,1019.0,722.6,3014.2631578947367,3003.48,3001.32,3015.0,1883.9,732.36,3014.0,2453.08,1043.0,2175.6315789473683,2173.96,0.0,0.0,1327.0,0.0,722.0,724.0,0.0,1591.6315789473683,0.0,1911.190476190476,724.1282051282051,0.0,1018.0909090909092,0.0,0.0,1019.6,2466.2727272727275,0.0,0.0,1027.0,0.0,0.0,0.0,0.0,1327.0,0.0,210
1305.08,722.3469387755102,1028.0434782608695,1008.92,1304.12,715.0,1027.32,714.5833333333334,1027.64,715.0,1562.52,1027.8979591836735,715.0,3003.102564102564,2990.04,2993.56,2981.095238095238,1887.4,307.5128205128205,2815.4,2448.6,0.0,2181.0,2160.1304347826085,0.0,1556.5813953488373,0.0,716.3333333333334,713.9333333333333,715.6315789473684,0.0,1558.5,0.0,1903.0,743.0,0.0,1019.0,715.8571428571429,0.0,0.0,2436.894736842105,1556.7777777777778,0.0,0.0,714.1794871794872,0.0,0.0,0.0,1311.4,2183.0,211
